"","Driver","Track","Name","Pts"
"1","Ricky Stenhouse Jr.","Daytona International Speedway","DAYTONA 500",48
"2","Joey Logano","Daytona International Speedway","DAYTONA 500",42
"3","Christopher Bell","Daytona International Speedway","DAYTONA 500",35
"4","Chris Buescher","Daytona International Speedway","DAYTONA 500",43
"5","Alex Bowman","Daytona International Speedway","DAYTONA 500",41
"6","A.J. Allmendinger","Daytona International Speedway","DAYTONA 500",34
"7","Daniel Suarez","Daytona International Speedway","DAYTONA 500",30
"8","Ryan Blaney","Daytona International Speedway","DAYTONA 500",29
"9","Ross Chastain","Daytona International Speedway","DAYTONA 500",38
"10","Riley Herbst","Daytona International Speedway","DAYTONA 500",0
"11","Travis Pastrana","Daytona International Speedway","DAYTONA 500",26
"12","Kevin Harvick","Daytona International Speedway","DAYTONA 500",32
"13","Zane Smith","Daytona International Speedway","DAYTONA 500",0
"14","Cody Ware","Daytona International Speedway","DAYTONA 500",23
"15","Martin Truex Jr.","Daytona International Speedway","DAYTONA 500",29
"16","Corey LaJoie","Daytona International Speedway","DAYTONA 500",21
"17","Denny Hamlin","Daytona International Speedway","DAYTONA 500",20
"18","Kyle Larson","Daytona International Speedway","DAYTONA 500",19
"19","Kyle Busch","Daytona International Speedway","DAYTONA 500",18
"20","Bubba Wallace","Daytona International Speedway","DAYTONA 500",17
"21","Aric Almirola","Daytona International Speedway","DAYTONA 500",19
"22","Brad Keselowski","Daytona International Speedway","DAYTONA 500",25
"23","Austin Cindric","Daytona International Speedway","DAYTONA 500",20
"24","Noah Gragson","Daytona International Speedway","DAYTONA 500",13
"25","Ty Gibbs","Daytona International Speedway","DAYTONA 500",17
"26","Harrison Burton","Daytona International Speedway","DAYTONA 500",11
"27","Todd Gilliland","Daytona International Speedway","DAYTONA 500",11
"28","Michael McDowell","Daytona International Speedway","DAYTONA 500",15
"29","Conor Daly","Daytona International Speedway","DAYTONA 500",0
"30","B.J. McLeod","Daytona International Speedway","DAYTONA 500",7
"31","Jimmie Johnson","Daytona International Speedway","DAYTONA 500",10
"32","Justin Haley","Daytona International Speedway","DAYTONA 500",5
"33","Austin Dillon","Daytona International Speedway","DAYTONA 500",4
"34","William Byron","Daytona International Speedway","DAYTONA 500",7
"35","Chase Briscoe","Daytona International Speedway","DAYTONA 500",2
"36","Ryan Preece","Daytona International Speedway","DAYTONA 500",10
"37","Erik Jones","Daytona International Speedway","DAYTONA 500",1
"38","Chase Elliott","Daytona International Speedway","DAYTONA 500",1
"39","Tyler Reddick","Daytona International Speedway","DAYTONA 500",1
"40","Ty Dillon","Daytona International Speedway","DAYTONA 500",1
"41","Kyle Busch","Auto Club Speedway","Pala Casino 400",49
"42","Chase Elliott","Auto Club Speedway","Pala Casino 400",40
"43","Ross Chastain","Auto Club Speedway","Pala Casino 400",54
"44","Daniel Suarez","Auto Club Speedway","Pala Casino 400",47
"45","Kevin Harvick","Auto Club Speedway","Pala Casino 400",42
"46","Denny Hamlin","Auto Club Speedway","Pala Casino 400",42
"47","Brad Keselowski","Auto Club Speedway","Pala Casino 400",32
"48","Alex Bowman","Auto Club Speedway","Pala Casino 400",39
"49","Austin Dillon","Auto Club Speedway","Pala Casino 400",28
"50","Joey Logano","Auto Club Speedway","Pala Casino 400",39
"51","Martin Truex Jr.","Auto Club Speedway","Pala Casino 400",28
"52","Ricky Stenhouse Jr.","Auto Club Speedway","Pala Casino 400",25
"53","Chris Buescher","Auto Club Speedway","Pala Casino 400",24
"54","Corey LaJoie","Auto Club Speedway","Pala Casino 400",24
"55","Harrison Burton","Auto Club Speedway","Pala Casino 400",22
"56","Ty Gibbs","Auto Club Speedway","Pala Casino 400",21
"57","Todd Gilliland","Auto Club Speedway","Pala Casino 400",20
"58","Michael McDowell","Auto Club Speedway","Pala Casino 400",19
"59","Erik Jones","Auto Club Speedway","Pala Casino 400",18
"60","Chase Briscoe","Auto Club Speedway","Pala Casino 400",17
"61","Justin Haley","Auto Club Speedway","Pala Casino 400",16
"62","Noah Gragson","Auto Club Speedway","Pala Casino 400",15
"63","J.J. Yeley","Auto Club Speedway","Pala Casino 400",0
"64","B.J. McLeod","Auto Club Speedway","Pala Casino 400",13
"65","William Byron","Auto Club Speedway","Pala Casino 400",17
"66","Ryan Blaney","Auto Club Speedway","Pala Casino 400",20
"67","Cody Ware","Auto Club Speedway","Pala Casino 400",10
"68","Austin Cindric","Auto Club Speedway","Pala Casino 400",9
"69","Kyle Larson","Auto Club Speedway","Pala Casino 400",8
"70","Bubba Wallace","Auto Club Speedway","Pala Casino 400",7
"71","Ty Dillon","Auto Club Speedway","Pala Casino 400",6
"72","Christopher Bell","Auto Club Speedway","Pala Casino 400",5
"73","Ryan Preece","Auto Club Speedway","Pala Casino 400",4
"74","Tyler Reddick","Auto Club Speedway","Pala Casino 400",3
"75","Aric Almirola","Auto Club Speedway","Pala Casino 400",2
"76","A.J. Allmendinger","Auto Club Speedway","Pala Casino 400",1
"77","William Byron","Las Vegas Motor Speedway","Pennzoil 400 presented by Jiffy Lube",60
"78","Kyle Larson","Las Vegas Motor Speedway","Pennzoil 400 presented by Jiffy Lube",53
"79","Alex Bowman","Las Vegas Motor Speedway","Pennzoil 400 presented by Jiffy Lube",46
"80","Bubba Wallace","Las Vegas Motor Speedway","Pennzoil 400 presented by Jiffy Lube",41
"81","Christopher Bell","Las Vegas Motor Speedway","Pennzoil 400 presented by Jiffy Lube",45
"82","Austin Cindric","Las Vegas Motor Speedway","Pennzoil 400 presented by Jiffy Lube",31
"83","Martin Truex Jr.","Las Vegas Motor Speedway","Pennzoil 400 presented by Jiffy Lube",42
"84","Justin Haley","Las Vegas Motor Speedway","Pennzoil 400 presented by Jiffy Lube",29
"85","Kevin Harvick","Las Vegas Motor Speedway","Pennzoil 400 presented by Jiffy Lube",29
"86","Daniel Suarez","Las Vegas Motor Speedway","Pennzoil 400 presented by Jiffy Lube",27
"87","Denny Hamlin","Las Vegas Motor Speedway","Pennzoil 400 presented by Jiffy Lube",35
"88","Ross Chastain","Las Vegas Motor Speedway","Pennzoil 400 presented by Jiffy Lube",37
"89","Ryan Blaney","Las Vegas Motor Speedway","Pennzoil 400 presented by Jiffy Lube",24
"90","Kyle Busch","Las Vegas Motor Speedway","Pennzoil 400 presented by Jiffy Lube",25
"91","Tyler Reddick","Las Vegas Motor Speedway","Pennzoil 400 presented by Jiffy Lube",22
"92","Aric Almirola","Las Vegas Motor Speedway","Pennzoil 400 presented by Jiffy Lube",21
"93","Brad Keselowski","Las Vegas Motor Speedway","Pennzoil 400 presented by Jiffy Lube",23
"94","A.J. Allmendinger","Las Vegas Motor Speedway","Pennzoil 400 presented by Jiffy Lube",19
"95","Erik Jones","Las Vegas Motor Speedway","Pennzoil 400 presented by Jiffy Lube",18
"96","Corey LaJoie","Las Vegas Motor Speedway","Pennzoil 400 presented by Jiffy Lube",17
"97","Chris Buescher","Las Vegas Motor Speedway","Pennzoil 400 presented by Jiffy Lube",16
"98","Ty Gibbs","Las Vegas Motor Speedway","Pennzoil 400 presented by Jiffy Lube",15
"99","Ryan Preece","Las Vegas Motor Speedway","Pennzoil 400 presented by Jiffy Lube",14
"100","Ricky Stenhouse Jr.","Las Vegas Motor Speedway","Pennzoil 400 presented by Jiffy Lube",13
"101","Michael McDowell","Las Vegas Motor Speedway","Pennzoil 400 presented by Jiffy Lube",12
"102","Harrison Burton","Las Vegas Motor Speedway","Pennzoil 400 presented by Jiffy Lube",11
"103","Austin Dillon","Las Vegas Motor Speedway","Pennzoil 400 presented by Jiffy Lube",10
"104","Chase Briscoe","Las Vegas Motor Speedway","Pennzoil 400 presented by Jiffy Lube",9
"105","Josh Berry","Las Vegas Motor Speedway","Pennzoil 400 presented by Jiffy Lube",0
"106","Noah Gragson","Las Vegas Motor Speedway","Pennzoil 400 presented by Jiffy Lube",7
"107","Todd Gilliland","Las Vegas Motor Speedway","Pennzoil 400 presented by Jiffy Lube",6
"108","B.J. McLeod","Las Vegas Motor Speedway","Pennzoil 400 presented by Jiffy Lube",5
"109","J.J. Yeley","Las Vegas Motor Speedway","Pennzoil 400 presented by Jiffy Lube",0
"110","Ty Dillon","Las Vegas Motor Speedway","Pennzoil 400 presented by Jiffy Lube",3
"111","Cody Ware","Las Vegas Motor Speedway","Pennzoil 400 presented by Jiffy Lube",2
"112","Joey Logano","Las Vegas Motor Speedway","Pennzoil 400 presented by Jiffy Lube",1
"113","William Byron","Phoenix Raceway","United Rentals Work United 500",59
"114","Ryan Blaney","Phoenix Raceway","United Rentals Work United 500",43
"115","Tyler Reddick","Phoenix Raceway","United Rentals Work United 500",46
"116","Kyle Larson","Phoenix Raceway","United Rentals Work United 500",52
"117","Kevin Harvick","Phoenix Raceway","United Rentals Work United 500",43
"118","Christopher Bell","Phoenix Raceway","United Rentals Work United 500",43
"119","Chase Briscoe","Phoenix Raceway","United Rentals Work United 500",31
"120","Kyle Busch","Phoenix Raceway","United Rentals Work United 500",30
"121","Alex Bowman","Phoenix Raceway","United Rentals Work United 500",28
"122","Josh Berry","Phoenix Raceway","United Rentals Work United 500",0
"123","Joey Logano","Phoenix Raceway","United Rentals Work United 500",26
"124","Ryan Preece","Phoenix Raceway","United Rentals Work United 500",25
"125","Michael McDowell","Phoenix Raceway","United Rentals Work United 500",24
"126","Bubba Wallace","Phoenix Raceway","United Rentals Work United 500",23
"127","Chris Buescher","Phoenix Raceway","United Rentals Work United 500",22
"128","Austin Dillon","Phoenix Raceway","United Rentals Work United 500",21
"129","Martin Truex Jr.","Phoenix Raceway","United Rentals Work United 500",20
"130","Brad Keselowski","Phoenix Raceway","United Rentals Work United 500",28
"131","Ricky Stenhouse Jr.","Phoenix Raceway","United Rentals Work United 500",18
"132","A.J. Allmendinger","Phoenix Raceway","United Rentals Work United 500",17
"133","Erik Jones","Phoenix Raceway","United Rentals Work United 500",16
"134","Daniel Suarez","Phoenix Raceway","United Rentals Work United 500",15
"135","Denny Hamlin","Phoenix Raceway","United Rentals Work United 500",26
"136","Ross Chastain","Phoenix Raceway","United Rentals Work United 500",19
"137","Austin Cindric","Phoenix Raceway","United Rentals Work United 500",12
"138","Corey LaJoie","Phoenix Raceway","United Rentals Work United 500",11
"139","Justin Haley","Phoenix Raceway","United Rentals Work United 500",10
"140","Ty Gibbs","Phoenix Raceway","United Rentals Work United 500",9
"141","Noah Gragson","Phoenix Raceway","United Rentals Work United 500",8
"142","Ty Dillon","Phoenix Raceway","United Rentals Work United 500",7
"143","Zane Smith","Phoenix Raceway","United Rentals Work United 500",0
"144","Todd Gilliland","Phoenix Raceway","United Rentals Work United 500",5
"145","Aric Almirola","Phoenix Raceway","United Rentals Work United 500",4
"146","Cody Ware","Phoenix Raceway","United Rentals Work United 500",3
"147","Harrison Burton","Phoenix Raceway","United Rentals Work United 500",2
"148","B.J. McLeod","Phoenix Raceway","United Rentals Work United 500",1
"149","Joey Logano","Atlanta Motor Speedway","Ambetter Health 400",59
"150","Brad Keselowski","Atlanta Motor Speedway","Ambetter Health 400",45
"151","Christopher Bell","Atlanta Motor Speedway","Ambetter Health 400",39
"152","Corey LaJoie","Atlanta Motor Speedway","Ambetter Health 400",34
"153","Tyler Reddick","Atlanta Motor Speedway","Ambetter Health 400",39
"154","Denny Hamlin","Atlanta Motor Speedway","Ambetter Health 400",40
"155","Ryan Blaney","Atlanta Motor Speedway","Ambetter Health 400",37
"156","Erik Jones","Atlanta Motor Speedway","Ambetter Health 400",29
"157","Ty Gibbs","Atlanta Motor Speedway","Ambetter Health 400",28
"158","Kyle Busch","Atlanta Motor Speedway","Ambetter Health 400",31
"159","Austin Cindric","Atlanta Motor Speedway","Ambetter Health 400",45
"160","Noah Gragson","Atlanta Motor Speedway","Ambetter Health 400",25
"161","Ross Chastain","Atlanta Motor Speedway","Ambetter Health 400",24
"162","Alex Bowman","Atlanta Motor Speedway","Ambetter Health 400",31
"163","Todd Gilliland","Atlanta Motor Speedway","Ambetter Health 400",22
"164","A.J. Allmendinger","Atlanta Motor Speedway","Ambetter Health 400",21
"165","Ricky Stenhouse Jr.","Atlanta Motor Speedway","Ambetter Health 400",20
"166","Josh Berry","Atlanta Motor Speedway","Ambetter Health 400",0
"167","Martin Truex Jr.","Atlanta Motor Speedway","Ambetter Health 400",23
"168","Austin Dillon","Atlanta Motor Speedway","Ambetter Health 400",17
"169","Michael McDowell","Atlanta Motor Speedway","Ambetter Health 400",16
"170","Justin Haley","Atlanta Motor Speedway","Ambetter Health 400",15
"171","Ty Dillon","Atlanta Motor Speedway","Ambetter Health 400",14
"172","Chase Briscoe","Atlanta Motor Speedway","Ambetter Health 400",13
"173","Cody Ware","Atlanta Motor Speedway","Ambetter Health 400",12
"174","J.J. Yeley","Atlanta Motor Speedway","Ambetter Health 400",0
"175","Bubba Wallace","Atlanta Motor Speedway","Ambetter Health 400",10
"176","Ryan Preece","Atlanta Motor Speedway","Ambetter Health 400",9
"177","Daniel Suarez","Atlanta Motor Speedway","Ambetter Health 400",10
"178","Aric Almirola","Atlanta Motor Speedway","Ambetter Health 400",7
"179","Kyle Larson","Atlanta Motor Speedway","Ambetter Health 400",6
"180","William Byron","Atlanta Motor Speedway","Ambetter Health 400",11
"181","Kevin Harvick","Atlanta Motor Speedway","Ambetter Health 400",4
"182","Harrison Burton","Atlanta Motor Speedway","Ambetter Health 400",3
"183","Chris Buescher","Atlanta Motor Speedway","Ambetter Health 400",10
"184","B.J. McLeod","Atlanta Motor Speedway","Ambetter Health 400",1
"185","Tyler Reddick","Circuit of the Americas","EchoPark Automotive Grand Prix",50
"186","Kyle Busch","Circuit of the Americas","EchoPark Automotive Grand Prix",39
"187","Alex Bowman","Circuit of the Americas","EchoPark Automotive Grand Prix",41
"188","Ross Chastain","Circuit of the Americas","EchoPark Automotive Grand Prix",39
"189","William Byron","Circuit of the Americas","EchoPark Automotive Grand Prix",42
"190","Austin Cindric","Circuit of the Americas","EchoPark Automotive Grand Prix",40
"191","Ricky Stenhouse Jr.","Circuit of the Americas","EchoPark Automotive Grand Prix",35
"192","Chris Buescher","Circuit of the Americas","EchoPark Automotive Grand Prix",35
"193","Ty Gibbs","Circuit of the Americas","EchoPark Automotive Grand Prix",28
"194","Todd Gilliland","Circuit of the Americas","EchoPark Automotive Grand Prix",27
"195","Corey LaJoie","Circuit of the Americas","EchoPark Automotive Grand Prix",26
"196","Michael McDowell","Circuit of the Americas","EchoPark Automotive Grand Prix",33
"197","Kevin Harvick","Circuit of the Americas","EchoPark Automotive Grand Prix",31
"198","Kyle Larson","Circuit of the Americas","EchoPark Automotive Grand Prix",27
"199","Chase Briscoe","Circuit of the Americas","EchoPark Automotive Grand Prix",24
"200","Denny Hamlin","Circuit of the Americas","EchoPark Automotive Grand Prix",21
"201","Martin Truex Jr.","Circuit of the Americas","EchoPark Automotive Grand Prix",20
"202","Jenson Button","Circuit of the Americas","EchoPark Automotive Grand Prix",19
"203","Justin Haley","Circuit of the Americas","EchoPark Automotive Grand Prix",18
"204","Noah Gragson","Circuit of the Americas","EchoPark Automotive Grand Prix",18
"205","Ryan Blaney","Circuit of the Americas","EchoPark Automotive Grand Prix",16
"206","Harrison Burton","Circuit of the Americas","EchoPark Automotive Grand Prix",15
"207","Erik Jones","Circuit of the Americas","EchoPark Automotive Grand Prix",17
"208","Jordan Taylor","Circuit of the Americas","EchoPark Automotive Grand Prix",0
"209","Cody Ware","Circuit of the Americas","EchoPark Automotive Grand Prix",12
"210","Josh Bilicki","Circuit of the Americas","EchoPark Automotive Grand Prix",0
"211","Daniel Suarez","Circuit of the Americas","EchoPark Automotive Grand Prix",15
"212","Joey Logano","Circuit of the Americas","EchoPark Automotive Grand Prix",9
"213","Kimi Raikkonen","Circuit of the Americas","EchoPark Automotive Grand Prix",8
"214","Aric Almirola","Circuit of the Americas","EchoPark Automotive Grand Prix",7
"215","Christopher Bell","Circuit of the Americas","EchoPark Automotive Grand Prix",8
"216","Ryan Preece","Circuit of the Americas","EchoPark Automotive Grand Prix",6
"217","Austin Dillon","Circuit of the Americas","EchoPark Automotive Grand Prix",13
"218","A.J. Allmendinger","Circuit of the Americas","EchoPark Automotive Grand Prix",11
"219","Brad Keselowski","Circuit of the Americas","EchoPark Automotive Grand Prix",2
"220","Conor Daly","Circuit of the Americas","EchoPark Automotive Grand Prix",0
"221","Bubba Wallace","Circuit of the Americas","EchoPark Automotive Grand Prix",1
"222","Jimmie Johnson","Circuit of the Americas","EchoPark Automotive Grand Prix",1
"223","Ty Dillon","Circuit of the Americas","EchoPark Automotive Grand Prix",1
"224","Kyle Larson","Richmond Raceway","Toyota Owners 400",52
"225","Josh Berry","Richmond Raceway","Toyota Owners 400",0
"226","Ross Chastain","Richmond Raceway","Toyota Owners 400",48
"227","Christopher Bell","Richmond Raceway","Toyota Owners 400",45
"228","Kevin Harvick","Richmond Raceway","Toyota Owners 400",41
"229","Michael McDowell","Richmond Raceway","Toyota Owners 400",31
"230","Joey Logano","Richmond Raceway","Toyota Owners 400",36
"231","Alex Bowman","Richmond Raceway","Toyota Owners 400",37
"232","Ty Gibbs","Richmond Raceway","Toyota Owners 400",29
"233","Brad Keselowski","Richmond Raceway","Toyota Owners 400",34
"234","Martin Truex Jr.","Richmond Raceway","Toyota Owners 400",33
"235","Chase Briscoe","Richmond Raceway","Toyota Owners 400",26
"236","Aric Almirola","Richmond Raceway","Toyota Owners 400",24
"237","Kyle Busch","Richmond Raceway","Toyota Owners 400",23
"238","Todd Gilliland","Richmond Raceway","Toyota Owners 400",22
"239","Tyler Reddick","Richmond Raceway","Toyota Owners 400",26
"240","Chandler Smith","Richmond Raceway","Toyota Owners 400",0
"241","Ryan Preece","Richmond Raceway","Toyota Owners 400",19
"242","Harrison Burton","Richmond Raceway","Toyota Owners 400",18
"243","Denny Hamlin","Richmond Raceway","Toyota Owners 400",27
"244","Corey LaJoie","Richmond Raceway","Toyota Owners 400",16
"245","Bubba Wallace","Richmond Raceway","Toyota Owners 400",15
"246","Daniel Suarez","Richmond Raceway","Toyota Owners 400",14
"247","William Byron","Richmond Raceway","Toyota Owners 400",31
"248","Austin Dillon","Richmond Raceway","Toyota Owners 400",12
"249","Ryan Blaney","Richmond Raceway","Toyota Owners 400",11
"250","A.J. Allmendinger","Richmond Raceway","Toyota Owners 400",10
"251","Austin Cindric","Richmond Raceway","Toyota Owners 400",9
"252","Justin Haley","Richmond Raceway","Toyota Owners 400",8
"253","Chris Buescher","Richmond Raceway","Toyota Owners 400",7
"254","Erik Jones","Richmond Raceway","Toyota Owners 400",6
"255","Ty Dillon","Richmond Raceway","Toyota Owners 400",5
"256","Anthony Alfredo","Richmond Raceway","Toyota Owners 400",0
"257","Cody Ware","Richmond Raceway","Toyota Owners 400",3
"258","Ricky Stenhouse Jr.","Richmond Raceway","Toyota Owners 400",2
"259","J.J. Yeley","Richmond Raceway","Toyota Owners 400",0
"260","Noah Gragson","Richmond Raceway","Toyota Owners 400",1
"261","Christopher Bell","Bristol Motor Speedway Dirt Track","Food City Dirt Race",52
"262","Tyler Reddick","Bristol Motor Speedway Dirt Track","Food City Dirt Race",48
"263","Austin Dillon","Bristol Motor Speedway Dirt Track","Food City Dirt Race",52
"264","Ricky Stenhouse Jr.","Bristol Motor Speedway Dirt Track","Food City Dirt Race",33
"265","Chase Briscoe","Bristol Motor Speedway Dirt Track","Food City Dirt Race",41
"266","Justin Haley","Bristol Motor Speedway Dirt Track","Food City Dirt Race",35
"267","Martin Truex Jr.","Bristol Motor Speedway Dirt Track","Food City Dirt Race",34
"268","Todd Gilliland","Bristol Motor Speedway Dirt Track","Food City Dirt Race",29
"269","Kevin Harvick","Bristol Motor Speedway Dirt Track","Food City Dirt Race",28
"270","Ty Gibbs","Bristol Motor Speedway Dirt Track","Food City Dirt Race",27
"271","Michael McDowell","Bristol Motor Speedway Dirt Track","Food City Dirt Race",26
"272","Bubba Wallace","Bristol Motor Speedway Dirt Track","Food City Dirt Race",25
"273","William Byron","Bristol Motor Speedway Dirt Track","Food City Dirt Race",25
"274","Erik Jones","Bristol Motor Speedway Dirt Track","Food City Dirt Race",23
"275","Harrison Burton","Bristol Motor Speedway Dirt Track","Food City Dirt Race",22
"276","A.J. Allmendinger","Bristol Motor Speedway Dirt Track","Food City Dirt Race",21
"277","Brad Keselowski","Bristol Motor Speedway Dirt Track","Food City Dirt Race",20
"278","Chris Buescher","Bristol Motor Speedway Dirt Track","Food City Dirt Race",19
"279","Austin Cindric","Bristol Motor Speedway Dirt Track","Food City Dirt Race",18
"280","J.J. Yeley","Bristol Motor Speedway Dirt Track","Food City Dirt Race",0
"281","Ty Dillon","Bristol Motor Speedway Dirt Track","Food City Dirt Race",16
"282","Denny Hamlin","Bristol Motor Speedway Dirt Track","Food City Dirt Race",15
"283","Ryan Blaney","Bristol Motor Speedway Dirt Track","Food City Dirt Race",23
"284","Ryan Preece","Bristol Motor Speedway Dirt Track","Food City Dirt Race",20
"285","Daniel Suarez","Bristol Motor Speedway Dirt Track","Food City Dirt Race",12
"286","B.J. McLeod","Bristol Motor Speedway Dirt Track","Food City Dirt Race",11
"287","Josh Berry","Bristol Motor Speedway Dirt Track","Food City Dirt Race",0
"288","Ross Chastain","Bristol Motor Speedway Dirt Track","Food City Dirt Race",9
"289","Alex Bowman","Bristol Motor Speedway Dirt Track","Food City Dirt Race",8
"290","Corey LaJoie","Bristol Motor Speedway Dirt Track","Food City Dirt Race",7
"291","Aric Almirola","Bristol Motor Speedway Dirt Track","Food City Dirt Race",7
"292","Kyle Busch","Bristol Motor Speedway Dirt Track","Food City Dirt Race",19
"293","Noah Gragson","Bristol Motor Speedway Dirt Track","Food City Dirt Race",4
"294","Matt Crafton","Bristol Motor Speedway Dirt Track","Food City Dirt Race",0
"295","Kyle Larson","Bristol Motor Speedway Dirt Track","Food City Dirt Race",20
"296","Jonathan Davenport","Bristol Motor Speedway Dirt Track","Food City Dirt Race",1
"297","Joey Logano","Bristol Motor Speedway Dirt Track","Food City Dirt Race",1
"298","Kyle Larson","Martinsville Speedway","NOCO 400",43
"299","Joey Logano","Martinsville Speedway","NOCO 400",35
"300","Martin Truex Jr.","Martinsville Speedway","NOCO 400",34
"301","Denny Hamlin","Martinsville Speedway","NOCO 400",44
"302","Chase Briscoe","Martinsville Speedway","NOCO 400",47
"303","Aric Almirola","Martinsville Speedway","NOCO 400",42
"304","Ryan Blaney","Martinsville Speedway","NOCO 400",30
"305","Ricky Stenhouse Jr.","Martinsville Speedway","NOCO 400",29
"306","Bubba Wallace","Martinsville Speedway","NOCO 400",32
"307","Chase Elliott","Martinsville Speedway","NOCO 400",27
"308","Alex Bowman","Martinsville Speedway","NOCO 400",26
"309","Austin Dillon","Martinsville Speedway","NOCO 400",25
"310","Ross Chastain","Martinsville Speedway","NOCO 400",29
"311","Chris Buescher","Martinsville Speedway","NOCO 400",23
"312","Ryan Preece","Martinsville Speedway","NOCO 400",32
"313","Christopher Bell","Martinsville Speedway","NOCO 400",21
"314","Daniel Suarez","Martinsville Speedway","NOCO 400",30
"315","Ty Gibbs","Martinsville Speedway","NOCO 400",19
"316","Michael McDowell","Martinsville Speedway","NOCO 400",18
"317","Kevin Harvick","Martinsville Speedway","NOCO 400",32
"318","Kyle Busch","Martinsville Speedway","NOCO 400",16
"319","Tyler Reddick","Martinsville Speedway","NOCO 400",30
"320","William Byron","Martinsville Speedway","NOCO 400",15
"321","Brad Keselowski","Martinsville Speedway","NOCO 400",19
"322","Todd Gilliland","Martinsville Speedway","NOCO 400",16
"323","Corey LaJoie","Martinsville Speedway","NOCO 400",11
"324","A.J. Allmendinger","Martinsville Speedway","NOCO 400",10
"325","Justin Haley","Martinsville Speedway","NOCO 400",9
"326","Harrison Burton","Martinsville Speedway","NOCO 400",8
"327","Noah Gragson","Martinsville Speedway","NOCO 400",7
"328","Erik Jones","Martinsville Speedway","NOCO 400",6
"329","Ty Dillon","Martinsville Speedway","NOCO 400",5
"330","Austin Cindric","Martinsville Speedway","NOCO 400",4
"331","Zane Smith","Martinsville Speedway","NOCO 400",0
"332","Anthony Alfredo","Martinsville Speedway","NOCO 400",0
"333","J.J. Yeley","Martinsville Speedway","NOCO 400",0
"334","Kyle Busch","Talladega Superspeedway","GEICO 500",40
"335","Ryan Blaney","Talladega Superspeedway","GEICO 500",35
"336","Chris Buescher","Talladega Superspeedway","GEICO 500",34
"337","Chase Briscoe","Talladega Superspeedway","GEICO 500",33
"338","Brad Keselowski","Talladega Superspeedway","GEICO 500",32
"339","Erik Jones","Talladega Superspeedway","GEICO 500",31
"340","William Byron","Talladega Superspeedway","GEICO 500",37
"341","Christopher Bell","Talladega Superspeedway","GEICO 500",29
"342","Daniel Suarez","Talladega Superspeedway","GEICO 500",29
"343","Todd Gilliland","Talladega Superspeedway","GEICO 500",27
"344","J.J. Yeley","Talladega Superspeedway","GEICO 500",0
"345","Chase Elliott","Talladega Superspeedway","GEICO 500",44
"346","Alex Bowman","Talladega Superspeedway","GEICO 500",33
"347","Ty Dillon","Talladega Superspeedway","GEICO 500",23
"348","Ricky Stenhouse Jr.","Talladega Superspeedway","GEICO 500",24
"349","Tyler Reddick","Talladega Superspeedway","GEICO 500",21
"350","Denny Hamlin","Talladega Superspeedway","GEICO 500",23
"351","B.J. McLeod","Talladega Superspeedway","GEICO 500",19
"352","Justin Haley","Talladega Superspeedway","GEICO 500",18
"353","Riley Herbst","Talladega Superspeedway","GEICO 500",0
"354","Kevin Harvick","Talladega Superspeedway","GEICO 500",24
"355","Aric Almirola","Talladega Superspeedway","GEICO 500",25
"356","Ross Chastain","Talladega Superspeedway","GEICO 500",22
"357","Austin Hill","Talladega Superspeedway","GEICO 500",0
"358","Corey LaJoie","Talladega Superspeedway","GEICO 500",12
"359","Austin Cindric","Talladega Superspeedway","GEICO 500",16
"360","Martin Truex Jr.","Talladega Superspeedway","GEICO 500",15
"361","Bubba Wallace","Talladega Superspeedway","GEICO 500",16
"362","A.J. Allmendinger","Talladega Superspeedway","GEICO 500",8
"363","Joey Logano","Talladega Superspeedway","GEICO 500",10
"364","Ty Gibbs","Talladega Superspeedway","GEICO 500",6
"365","Noah Gragson","Talladega Superspeedway","GEICO 500",10
"366","Kyle Larson","Talladega Superspeedway","GEICO 500",10
"367","Ryan Preece","Talladega Superspeedway","GEICO 500",9
"368","Michael McDowell","Talladega Superspeedway","GEICO 500",2
"369","Harrison Burton","Talladega Superspeedway","GEICO 500",7
"370","Zane Smith","Talladega Superspeedway","GEICO 500",0
"371","Austin Dillon","Talladega Superspeedway","GEICO 500",1
"372","Martin Truex Jr.","Dover International Speedway","Wurth 400",49
"373","Ross Chastain","Dover International Speedway","Wurth 400",51
"374","Ryan Blaney","Dover International Speedway","Wurth 400",50
"375","William Byron","Dover International Speedway","Wurth 400",52
"376","Denny Hamlin","Dover International Speedway","Wurth 400",47
"377","Christopher Bell","Dover International Speedway","Wurth 400",36
"378","Tyler Reddick","Dover International Speedway","Wurth 400",33
"379","Brad Keselowski","Dover International Speedway","Wurth 400",36
"380","Chris Buescher","Dover International Speedway","Wurth 400",37
"381","Josh Berry","Dover International Speedway","Wurth 400",0
"382","Chase Elliott","Dover International Speedway","Wurth 400",28
"383","Bubba Wallace","Dover International Speedway","Wurth 400",25
"384","Ty Gibbs","Dover International Speedway","Wurth 400",29
"385","Corey LaJoie","Dover International Speedway","Wurth 400",23
"386","Ricky Stenhouse Jr.","Dover International Speedway","Wurth 400",23
"387","Erik Jones","Dover International Speedway","Wurth 400",21
"388","Ryan Preece","Dover International Speedway","Wurth 400",20
"389","A.J. Allmendinger","Dover International Speedway","Wurth 400",19
"390","Kevin Harvick","Dover International Speedway","Wurth 400",21
"391","Harrison Burton","Dover International Speedway","Wurth 400",17
"392","Kyle Busch","Dover International Speedway","Wurth 400",16
"393","Michael McDowell","Dover International Speedway","Wurth 400",15
"394","Justin Haley","Dover International Speedway","Wurth 400",14
"395","Aric Almirola","Dover International Speedway","Wurth 400",13
"396","Todd Gilliland","Dover International Speedway","Wurth 400",12
"397","Austin Cindric","Dover International Speedway","Wurth 400",11
"398","Austin Dillon","Dover International Speedway","Wurth 400",10
"399","J.J. Yeley","Dover International Speedway","Wurth 400",0
"400","B.J. McLeod","Dover International Speedway","Wurth 400",8
"401","Chase Briscoe","Dover International Speedway","Wurth 400",7
"402","Joey Logano","Dover International Speedway","Wurth 400",6
"403","Kyle Larson","Dover International Speedway","Wurth 400",5
"404","Brennan Poole","Dover International Speedway","Wurth 400",0
"405","Noah Gragson","Dover International Speedway","Wurth 400",3
"406","Daniel Suarez","Dover International Speedway","Wurth 400",2
"407","Ty Dillon","Dover International Speedway","Wurth 400",1
"408","Denny Hamlin","Kansas Speedway","AdventHealth 400",51
"409","Kyle Larson","Kansas Speedway","AdventHealth 400",38
"410","William Byron","Kansas Speedway","AdventHealth 400",34
"411","Bubba Wallace","Kansas Speedway","AdventHealth 400",37
"412","Ross Chastain","Kansas Speedway","AdventHealth 400",34
"413","Joey Logano","Kansas Speedway","AdventHealth 400",41
"414","Chase Elliott","Kansas Speedway","AdventHealth 400",30
"415","Martin Truex Jr.","Kansas Speedway","AdventHealth 400",38
"416","Tyler Reddick","Kansas Speedway","AdventHealth 400",35
"417","Austin Dillon","Kansas Speedway","AdventHealth 400",31
"418","Kevin Harvick","Kansas Speedway","AdventHealth 400",26
"419","Ricky Stenhouse Jr.","Kansas Speedway","AdventHealth 400",25
"420","Aric Almirola","Kansas Speedway","AdventHealth 400",24
"421","A.J. Allmendinger","Kansas Speedway","AdventHealth 400",29
"422","Daniel Suarez","Kansas Speedway","AdventHealth 400",28
"423","Ryan Blaney","Kansas Speedway","AdventHealth 400",24
"424","Chris Buescher","Kansas Speedway","AdventHealth 400",25
"425","Justin Haley","Kansas Speedway","AdventHealth 400",19
"426","Brad Keselowski","Kansas Speedway","AdventHealth 400",18
"427","Corey LaJoie","Kansas Speedway","AdventHealth 400",17
"428","Erik Jones","Kansas Speedway","AdventHealth 400",23
"429","Ty Dillon","Kansas Speedway","AdventHealth 400",18
"430","J.J. Yeley","Kansas Speedway","AdventHealth 400",0
"431","Todd Gilliland","Kansas Speedway","AdventHealth 400",13
"432","Josh Berry","Kansas Speedway","AdventHealth 400",0
"433","Michael McDowell","Kansas Speedway","AdventHealth 400",20
"434","Ryan Preece","Kansas Speedway","AdventHealth 400",10
"435","Brennan Poole","Kansas Speedway","AdventHealth 400",0
"436","Noah Gragson","Kansas Speedway","AdventHealth 400",16
"437","Harrison Burton","Kansas Speedway","AdventHealth 400",7
"438","Austin Cindric","Kansas Speedway","AdventHealth 400",6
"439","Chase Briscoe","Kansas Speedway","AdventHealth 400",5
"440","Josh Bilicki","Kansas Speedway","AdventHealth 400",0
"441","Ty Gibbs","Kansas Speedway","AdventHealth 400",11
"442","Kyle Busch","Kansas Speedway","AdventHealth 400",2
"443","Christopher Bell","Kansas Speedway","AdventHealth 400",6
"444","William Byron","Darlington Raceway","Goodyear 400",56
"445","Kevin Harvick","Darlington Raceway","Goodyear 400",42
"446","Chase Elliott","Darlington Raceway","Goodyear 400",34
"447","Brad Keselowski","Darlington Raceway","Goodyear 400",44
"448","Bubba Wallace","Darlington Raceway","Goodyear 400",40
"449","Harrison Burton","Darlington Raceway","Goodyear 400",31
"450","Kyle Busch","Darlington Raceway","Goodyear 400",45
"451","Justin Haley","Darlington Raceway","Goodyear 400",29
"452","Ryan Blaney","Darlington Raceway","Goodyear 400",31
"453","Chris Buescher","Darlington Raceway","Goodyear 400",27
"454","Todd Gilliland","Darlington Raceway","Goodyear 400",26
"455","Denny Hamlin","Darlington Raceway","Goodyear 400",25
"456","Ricky Stenhouse Jr.","Darlington Raceway","Goodyear 400",30
"457","Christopher Bell","Darlington Raceway","Goodyear 400",29
"458","Ryan Preece","Darlington Raceway","Goodyear 400",22
"459","Ty Gibbs","Darlington Raceway","Goodyear 400",21
"460","Chase Briscoe","Darlington Raceway","Goodyear 400",20
"461","Joey Logano","Darlington Raceway","Goodyear 400",19
"462","Austin Cindric","Darlington Raceway","Goodyear 400",18
"463","Kyle Larson","Darlington Raceway","Goodyear 400",25
"464","Aric Almirola","Darlington Raceway","Goodyear 400",16
"465","Tyler Reddick","Darlington Raceway","Goodyear 400",17
"466","A.J. Allmendinger","Darlington Raceway","Goodyear 400",14
"467","Corey LaJoie","Darlington Raceway","Goodyear 400",13
"468","Erik Jones","Darlington Raceway","Goodyear 400",12
"469","Noah Gragson","Darlington Raceway","Goodyear 400",11
"470","Ty Dillon","Darlington Raceway","Goodyear 400",10
"471","Ryan Newman","Darlington Raceway","Goodyear 400",0
"472","Ross Chastain","Darlington Raceway","Goodyear 400",25
"473","Josh Berry","Darlington Raceway","Goodyear 400",0
"474","Martin Truex Jr.","Darlington Raceway","Goodyear 400",17
"475","B.J. McLeod","Darlington Raceway","Goodyear 400",5
"476","Michael McDowell","Darlington Raceway","Goodyear 400",4
"477","Daniel Suarez","Darlington Raceway","Goodyear 400",3
"478","Austin Dillon","Darlington Raceway","Goodyear 400",2
"479","Brennan Poole","Darlington Raceway","Goodyear 400",0
"480","Ryan Blaney","Charlotte Motor Speedway","Coca-Cola 600",64
"481","William Byron","Charlotte Motor Speedway","Coca-Cola 600",55
"482","Martin Truex Jr.","Charlotte Motor Speedway","Coca-Cola 600",48
"483","Bubba Wallace","Charlotte Motor Speedway","Coca-Cola 600",34
"484","Tyler Reddick","Charlotte Motor Speedway","Coca-Cola 600",48
"485","Kyle Busch","Charlotte Motor Speedway","Coca-Cola 600",39
"486","Ricky Stenhouse Jr.","Charlotte Motor Speedway","Coca-Cola 600",33
"487","Chris Buescher","Charlotte Motor Speedway","Coca-Cola 600",39
"488","Austin Dillon","Charlotte Motor Speedway","Coca-Cola 600",28
"489","Zane Smith","Charlotte Motor Speedway","Coca-Cola 600",0
"490","Kevin Harvick","Charlotte Motor Speedway","Coca-Cola 600",38
"491","Alex Bowman","Charlotte Motor Speedway","Coca-Cola 600",26
"492","Ryan Preece","Charlotte Motor Speedway","Coca-Cola 600",24
"493","A.J. Allmendinger","Charlotte Motor Speedway","Coca-Cola 600",23
"494","Justin Haley","Charlotte Motor Speedway","Coca-Cola 600",22
"495","J.J. Yeley","Charlotte Motor Speedway","Coca-Cola 600",0
"496","Corey LaJoie","Charlotte Motor Speedway","Coca-Cola 600",20
"497","Harrison Burton","Charlotte Motor Speedway","Coca-Cola 600",19
"498","Brad Keselowski","Charlotte Motor Speedway","Coca-Cola 600",29
"499","Chase Briscoe","Charlotte Motor Speedway","Coca-Cola 600",17
"500","Joey Logano","Charlotte Motor Speedway","Coca-Cola 600",23
"501","Ross Chastain","Charlotte Motor Speedway","Coca-Cola 600",17
"502","Daniel Suarez","Charlotte Motor Speedway","Coca-Cola 600",14
"503","Christopher Bell","Charlotte Motor Speedway","Coca-Cola 600",27
"504","Aric Almirola","Charlotte Motor Speedway","Coca-Cola 600",12
"505","Ty Gibbs","Charlotte Motor Speedway","Coca-Cola 600",21
"506","Ty Dillon","Charlotte Motor Speedway","Coca-Cola 600",10
"507","Michael McDowell","Charlotte Motor Speedway","Coca-Cola 600",9
"508","B.J. McLeod","Charlotte Motor Speedway","Coca-Cola 600",8
"509","Kyle Larson","Charlotte Motor Speedway","Coca-Cola 600",14
"510","Austin Cindric","Charlotte Motor Speedway","Coca-Cola 600",6
"511","Erik Jones","Charlotte Motor Speedway","Coca-Cola 600",5
"512","Todd Gilliland","Charlotte Motor Speedway","Coca-Cola 600",4
"513","Chase Elliott","Charlotte Motor Speedway","Coca-Cola 600",3
"514","Denny Hamlin","Charlotte Motor Speedway","Coca-Cola 600",7
"515","Noah Gragson","Charlotte Motor Speedway","Coca-Cola 600",1
"516","Jimmie Johnson","Charlotte Motor Speedway","Coca-Cola 600",1
"517","Kyle Busch","World Wide Technology Raceway at Gateway","Enjoy Illinois 300 presented by TicketSmarter",59
"518","Denny Hamlin","World Wide Technology Raceway at Gateway","Enjoy Illinois 300 presented by TicketSmarter",51
"519","Joey Logano","World Wide Technology Raceway at Gateway","Enjoy Illinois 300 presented by TicketSmarter",44
"520","Kyle Larson","World Wide Technology Raceway at Gateway","Enjoy Illinois 300 presented by TicketSmarter",34
"521","Martin Truex Jr.","World Wide Technology Raceway at Gateway","Enjoy Illinois 300 presented by TicketSmarter",39
"522","Ryan Blaney","World Wide Technology Raceway at Gateway","Enjoy Illinois 300 presented by TicketSmarter",50
"523","Daniel Suarez","World Wide Technology Raceway at Gateway","Enjoy Illinois 300 presented by TicketSmarter",37
"524","William Byron","World Wide Technology Raceway at Gateway","Enjoy Illinois 300 presented by TicketSmarter",40
"525","Michael McDowell","World Wide Technology Raceway at Gateway","Enjoy Illinois 300 presented by TicketSmarter",28
"526","Kevin Harvick","World Wide Technology Raceway at Gateway","Enjoy Illinois 300 presented by TicketSmarter",35
"527","Christopher Bell","World Wide Technology Raceway at Gateway","Enjoy Illinois 300 presented by TicketSmarter",26
"528","Chris Buescher","World Wide Technology Raceway at Gateway","Enjoy Illinois 300 presented by TicketSmarter",25
"529","Austin Cindric","World Wide Technology Raceway at Gateway","Enjoy Illinois 300 presented by TicketSmarter",26
"530","A.J. Allmendinger","World Wide Technology Raceway at Gateway","Enjoy Illinois 300 presented by TicketSmarter",23
"531","Todd Gilliland","World Wide Technology Raceway at Gateway","Enjoy Illinois 300 presented by TicketSmarter",22
"532","Justin Haley","World Wide Technology Raceway at Gateway","Enjoy Illinois 300 presented by TicketSmarter",21
"533","Ryan Preece","World Wide Technology Raceway at Gateway","Enjoy Illinois 300 presented by TicketSmarter",20
"534","Erik Jones","World Wide Technology Raceway at Gateway","Enjoy Illinois 300 presented by TicketSmarter",19
"535","Aric Almirola","World Wide Technology Raceway at Gateway","Enjoy Illinois 300 presented by TicketSmarter",18
"536","Ty Gibbs","World Wide Technology Raceway at Gateway","Enjoy Illinois 300 presented by TicketSmarter",17
"537","Corey LaJoie","World Wide Technology Raceway at Gateway","Enjoy Illinois 300 presented by TicketSmarter",16
"538","Ross Chastain","World Wide Technology Raceway at Gateway","Enjoy Illinois 300 presented by TicketSmarter",20
"539","Harrison Burton","World Wide Technology Raceway at Gateway","Enjoy Illinois 300 presented by TicketSmarter",14
"540","J.J. Yeley","World Wide Technology Raceway at Gateway","Enjoy Illinois 300 presented by TicketSmarter",0
"541","Ty Dillon","World Wide Technology Raceway at Gateway","Enjoy Illinois 300 presented by TicketSmarter",12
"542","Alex Bowman","World Wide Technology Raceway at Gateway","Enjoy Illinois 300 presented by TicketSmarter",11
"543","B.J. McLeod","World Wide Technology Raceway at Gateway","Enjoy Illinois 300 presented by TicketSmarter",10
"544","Brad Keselowski","World Wide Technology Raceway at Gateway","Enjoy Illinois 300 presented by TicketSmarter",9
"545","Gray Gaulding","World Wide Technology Raceway at Gateway","Enjoy Illinois 300 presented by TicketSmarter",0
"546","Bubba Wallace","World Wide Technology Raceway at Gateway","Enjoy Illinois 300 presented by TicketSmarter",7
"547","Austin Dillon","World Wide Technology Raceway at Gateway","Enjoy Illinois 300 presented by TicketSmarter",6
"548","Ricky Stenhouse Jr.","World Wide Technology Raceway at Gateway","Enjoy Illinois 300 presented by TicketSmarter",10
"549","Noah Gragson","World Wide Technology Raceway at Gateway","Enjoy Illinois 300 presented by TicketSmarter",4
"550","Chase Briscoe","World Wide Technology Raceway at Gateway","Enjoy Illinois 300 presented by TicketSmarter",3
"551","Tyler Reddick","World Wide Technology Raceway at Gateway","Enjoy Illinois 300 presented by TicketSmarter",2
"552","Carson Hocevar","World Wide Technology Raceway at Gateway","Enjoy Illinois 300 presented by TicketSmarter",0
"553","Martin Truex Jr.","Sonoma Raceway","Toyota / Save Mart 350",53
"554","Kyle Busch","Sonoma Raceway","Toyota / Save Mart 350",45
"555","Joey Logano","Sonoma Raceway","Toyota / Save Mart 350",43
"556","Chris Buescher","Sonoma Raceway","Toyota / Save Mart 350",37
"557","Chase Elliott","Sonoma Raceway","Toyota / Save Mart 350",32
"558","A.J. Allmendinger","Sonoma Raceway","Toyota / Save Mart 350",38
"559","Michael McDowell","Sonoma Raceway","Toyota / Save Mart 350",39
"560","Kyle Larson","Sonoma Raceway","Toyota / Save Mart 350",29
"561","Christopher Bell","Sonoma Raceway","Toyota / Save Mart 350",38
"562","Ross Chastain","Sonoma Raceway","Toyota / Save Mart 350",35
"563","Kevin Harvick","Sonoma Raceway","Toyota / Save Mart 350",27
"564","Ricky Stenhouse Jr.","Sonoma Raceway","Toyota / Save Mart 350",32
"565","Ryan Preece","Sonoma Raceway","Toyota / Save Mart 350",24
"566","William Byron","Sonoma Raceway","Toyota / Save Mart 350",30
"567","Alex Bowman","Sonoma Raceway","Toyota / Save Mart 350",24
"568","Brad Keselowski","Sonoma Raceway","Toyota / Save Mart 350",21
"569","Bubba Wallace","Sonoma Raceway","Toyota / Save Mart 350",20
"570","Ty Gibbs","Sonoma Raceway","Toyota / Save Mart 350",22
"571","Austin Dillon","Sonoma Raceway","Toyota / Save Mart 350",23
"572","Corey LaJoie","Sonoma Raceway","Toyota / Save Mart 350",17
"573","Justin Haley","Sonoma Raceway","Toyota / Save Mart 350",16
"574","Daniel Suarez","Sonoma Raceway","Toyota / Save Mart 350",15
"575","Ty Dillon","Sonoma Raceway","Toyota / Save Mart 350",14
"576","Todd Gilliland","Sonoma Raceway","Toyota / Save Mart 350",13
"577","Austin Cindric","Sonoma Raceway","Toyota / Save Mart 350",12
"578","Grant Enfinger","Sonoma Raceway","Toyota / Save Mart 350",0
"579","Harrison Burton","Sonoma Raceway","Toyota / Save Mart 350",10
"580","Aric Almirola","Sonoma Raceway","Toyota / Save Mart 350",9
"581","Chase Briscoe","Sonoma Raceway","Toyota / Save Mart 350",8
"582","Josh Bilicki","Sonoma Raceway","Toyota / Save Mart 350",0
"583","Ryan Blaney","Sonoma Raceway","Toyota / Save Mart 350",6
"584","Erik Jones","Sonoma Raceway","Toyota / Save Mart 350",5
"585","Tyler Reddick","Sonoma Raceway","Toyota / Save Mart 350",9
"586","Zane Smith","Sonoma Raceway","Toyota / Save Mart 350",0
"587","Andy Lally","Sonoma Raceway","Toyota / Save Mart 350",2
"588","Denny Hamlin","Sonoma Raceway","Toyota / Save Mart 350",11
"589","Ross Chastain","Nashville Superspeedway","Ally 400",57
"590","Martin Truex Jr.","Nashville Superspeedway","Ally 400",51
"591","Denny Hamlin","Nashville Superspeedway","Ally 400",50
"592","Chase Elliott","Nashville Superspeedway","Ally 400",42
"593","Kyle Larson","Nashville Superspeedway","Ally 400",35
"594","William Byron","Nashville Superspeedway","Ally 400",46
"595","Christopher Bell","Nashville Superspeedway","Ally 400",38
"596","Erik Jones","Nashville Superspeedway","Ally 400",30
"597","Kyle Busch","Nashville Superspeedway","Ally 400",32
"598","A.J. Allmendinger","Nashville Superspeedway","Ally 400",31
"599","Brad Keselowski","Nashville Superspeedway","Ally 400",26
"600","Daniel Suarez","Nashville Superspeedway","Ally 400",25
"601","Austin Dillon","Nashville Superspeedway","Ally 400",24
"602","Ty Gibbs","Nashville Superspeedway","Ally 400",23
"603","Bubba Wallace","Nashville Superspeedway","Ally 400",27
"604","Ryan Preece","Nashville Superspeedway","Ally 400",21
"605","Alex Bowman","Nashville Superspeedway","Ally 400",20
"606","Chris Buescher","Nashville Superspeedway","Ally 400",19
"607","Joey Logano","Nashville Superspeedway","Ally 400",18
"608","Corey LaJoie","Nashville Superspeedway","Ally 400",17
"609","Harrison Burton","Nashville Superspeedway","Ally 400",16
"610","Ricky Stenhouse Jr.","Nashville Superspeedway","Ally 400",15
"611","Justin Haley","Nashville Superspeedway","Ally 400",14
"612","Kevin Harvick","Nashville Superspeedway","Ally 400",15
"613","Aric Almirola","Nashville Superspeedway","Ally 400",12
"614","Noah Gragson","Nashville Superspeedway","Ally 400",11
"615","Austin Cindric","Nashville Superspeedway","Ally 400",10
"616","Michael McDowell","Nashville Superspeedway","Ally 400",9
"617","J.J. Yeley","Nashville Superspeedway","Ally 400",0
"618","Tyler Reddick","Nashville Superspeedway","Ally 400",17
"619","Chase Briscoe","Nashville Superspeedway","Ally 400",6
"620","Ty Dillon","Nashville Superspeedway","Ally 400",5
"621","Brennan Poole","Nashville Superspeedway","Ally 400",0
"622","Josh Bilicki","Nashville Superspeedway","Ally 400",0
"623","Todd Gilliland","Nashville Superspeedway","Ally 400",2
"624","Ryan Blaney","Nashville Superspeedway","Ally 400",1
"625","Shane van Gisbergen","Chicago Street Course","Grant Park 220",0
"626","Justin Haley","Chicago Street Course","Grant Park 220",35
"627","Chase Elliott","Chicago Street Course","Grant Park 220",34
"628","Kyle Larson","Chicago Street Course","Grant Park 220",46
"629","Kyle Busch","Chicago Street Course","Grant Park 220",32
"630","Austin Cindric","Chicago Street Course","Grant Park 220",31
"631","Michael McDowell","Chicago Street Course","Grant Park 220",42
"632","Joey Logano","Chicago Street Course","Grant Park 220",29
"633","Ty Gibbs","Chicago Street Course","Grant Park 220",35
"634","Chris Buescher","Chicago Street Course","Grant Park 220",27
"635","Denny Hamlin","Chicago Street Course","Grant Park 220",26
"636","Aric Almirola","Chicago Street Course","Grant Park 220",25
"637","William Byron","Chicago Street Course","Grant Park 220",24
"638","Corey LaJoie","Chicago Street Course","Grant Park 220",23
"639","Ryan Preece","Chicago Street Course","Grant Park 220",22
"640","Erik Jones","Chicago Street Course","Grant Park 220",21
"641","A.J. Allmendinger","Chicago Street Course","Grant Park 220",25
"642","Christopher Bell","Chicago Street Course","Grant Park 220",39
"643","Todd Gilliland","Chicago Street Course","Grant Park 220",18
"644","Chase Briscoe","Chicago Street Course","Grant Park 220",18
"645","Jenson Button","Chicago Street Course","Grant Park 220",17
"646","Ross Chastain","Chicago Street Course","Grant Park 220",15
"647","Josh Bilicki","Chicago Street Course","Grant Park 220",0
"648","Brad Keselowski","Chicago Street Course","Grant Park 220",13
"649","Noah Gragson","Chicago Street Course","Grant Park 220",12
"650","Andy Lally","Chicago Street Course","Grant Park 220",11
"651","Daniel Suarez","Chicago Street Course","Grant Park 220",19
"652","Tyler Reddick","Chicago Street Course","Grant Park 220",26
"653","Kevin Harvick","Chicago Street Course","Grant Park 220",8
"654","Harrison Burton","Chicago Street Course","Grant Park 220",7
"655","Bubba Wallace","Chicago Street Course","Grant Park 220",6
"656","Martin Truex Jr.","Chicago Street Course","Grant Park 220",15
"657","Ryan Blaney","Chicago Street Course","Grant Park 220",4
"658","Ricky Stenhouse Jr.","Chicago Street Course","Grant Park 220",3
"659","Ty Dillon","Chicago Street Course","Grant Park 220",2
"660","Austin Dillon","Chicago Street Course","Grant Park 220",1
"661","Alex Bowman","Chicago Street Course","Grant Park 220",1
"662","William Byron","Atlanta Motor Speedway","Quaker State 400 Presented by Walmart",46
"663","Daniel Suarez","Atlanta Motor Speedway","Quaker State 400 Presented by Walmart",35
"664","A.J. Allmendinger","Atlanta Motor Speedway","Quaker State 400 Presented by Walmart",40
"665","Michael McDowell","Atlanta Motor Speedway","Quaker State 400 Presented by Walmart",39
"666","Kyle Busch","Atlanta Motor Speedway","Quaker State 400 Presented by Walmart",32
"667","Brad Keselowski","Atlanta Motor Speedway","Quaker State 400 Presented by Walmart",41
"668","J.J. Yeley","Atlanta Motor Speedway","Quaker State 400 Presented by Walmart",0
"669","Justin Haley","Atlanta Motor Speedway","Quaker State 400 Presented by Walmart",33
"670","Ryan Blaney","Atlanta Motor Speedway","Quaker State 400 Presented by Walmart",47
"671","Ricky Stenhouse Jr.","Atlanta Motor Speedway","Quaker State 400 Presented by Walmart",27
"672","Erik Jones","Atlanta Motor Speedway","Quaker State 400 Presented by Walmart",26
"673","Austin Cindric","Atlanta Motor Speedway","Quaker State 400 Presented by Walmart",36
"674","Chase Elliott","Atlanta Motor Speedway","Quaker State 400 Presented by Walmart",24
"675","Denny Hamlin","Atlanta Motor Speedway","Quaker State 400 Presented by Walmart",23
"676","Chris Buescher","Atlanta Motor Speedway","Quaker State 400 Presented by Walmart",30
"677","Todd Gilliland","Atlanta Motor Speedway","Quaker State 400 Presented by Walmart",21
"678","Joey Logano","Atlanta Motor Speedway","Quaker State 400 Presented by Walmart",27
"679","Aric Almirola","Atlanta Motor Speedway","Quaker State 400 Presented by Walmart",20
"680","Ty Dillon","Atlanta Motor Speedway","Quaker State 400 Presented by Walmart",18
"681","B.J. McLeod","Atlanta Motor Speedway","Quaker State 400 Presented by Walmart",17
"682","Austin Dillon","Atlanta Motor Speedway","Quaker State 400 Presented by Walmart",16
"683","Chase Briscoe","Atlanta Motor Speedway","Quaker State 400 Presented by Walmart",15
"684","Christopher Bell","Atlanta Motor Speedway","Quaker State 400 Presented by Walmart",21
"685","Ryan Preece","Atlanta Motor Speedway","Quaker State 400 Presented by Walmart",14
"686","Bubba Wallace","Atlanta Motor Speedway","Quaker State 400 Presented by Walmart",17
"687","Alex Bowman","Atlanta Motor Speedway","Quaker State 400 Presented by Walmart",11
"688","Tyler Reddick","Atlanta Motor Speedway","Quaker State 400 Presented by Walmart",12
"689","Harrison Burton","Atlanta Motor Speedway","Quaker State 400 Presented by Walmart",9
"690","Martin Truex Jr.","Atlanta Motor Speedway","Quaker State 400 Presented by Walmart",16
"691","Kevin Harvick","Atlanta Motor Speedway","Quaker State 400 Presented by Walmart",7
"692","Corey LaJoie","Atlanta Motor Speedway","Quaker State 400 Presented by Walmart",6
"693","Cole Custer","Atlanta Motor Speedway","Quaker State 400 Presented by Walmart",0
"694","Noah Gragson","Atlanta Motor Speedway","Quaker State 400 Presented by Walmart",4
"695","Ty Gibbs","Atlanta Motor Speedway","Quaker State 400 Presented by Walmart",3
"696","Ross Chastain","Atlanta Motor Speedway","Quaker State 400 Presented by Walmart",2
"697","Kyle Larson","Atlanta Motor Speedway","Quaker State 400 Presented by Walmart",10
"698","Austin Hill","Atlanta Motor Speedway","Quaker State 400 Presented by Walmart",0
"699","Martin Truex Jr.","New Hampshire Motor Speedway","Crayon 301",60
"700","Joey Logano","New Hampshire Motor Speedway","Crayon 301",45
"701","Kyle Larson","New Hampshire Motor Speedway","Crayon 301",43
"702","Kevin Harvick","New Hampshire Motor Speedway","Crayon 301",38
"703","Brad Keselowski","New Hampshire Motor Speedway","Crayon 301",35
"704","Tyler Reddick","New Hampshire Motor Speedway","Crayon 301",41
"705","Denny Hamlin","New Hampshire Motor Speedway","Crayon 301",40
"706","Bubba Wallace","New Hampshire Motor Speedway","Crayon 301",29
"707","Austin Dillon","New Hampshire Motor Speedway","Crayon 301",28
"708","Chase Briscoe","New Hampshire Motor Speedway","Crayon 301",27
"709","Erik Jones","New Hampshire Motor Speedway","Crayon 301",26
"710","Chase Elliott","New Hampshire Motor Speedway","Crayon 301",25
"711","Michael McDowell","New Hampshire Motor Speedway","Crayon 301",25
"712","Alex Bowman","New Hampshire Motor Speedway","Crayon 301",27
"713","Chris Buescher","New Hampshire Motor Speedway","Crayon 301",22
"714","Daniel Suarez","New Hampshire Motor Speedway","Crayon 301",24
"715","Justin Haley","New Hampshire Motor Speedway","Crayon 301",20
"716","Ricky Stenhouse Jr.","New Hampshire Motor Speedway","Crayon 301",19
"717","A.J. Allmendinger","New Hampshire Motor Speedway","Crayon 301",18
"718","Harrison Burton","New Hampshire Motor Speedway","Crayon 301",17
"719","Todd Gilliland","New Hampshire Motor Speedway","Crayon 301",16
"720","Ryan Blaney","New Hampshire Motor Speedway","Crayon 301",28
"721","Ross Chastain","New Hampshire Motor Speedway","Crayon 301",14
"722","William Byron","New Hampshire Motor Speedway","Crayon 301",22
"723","Austin Cindric","New Hampshire Motor Speedway","Crayon 301",12
"724","Ty Dillon","New Hampshire Motor Speedway","Crayon 301",11
"725","Ty Gibbs","New Hampshire Motor Speedway","Crayon 301",10
"726","Ryan Preece","New Hampshire Motor Speedway","Crayon 301",9
"727","Christopher Bell","New Hampshire Motor Speedway","Crayon 301",14
"728","Ryan Newman","New Hampshire Motor Speedway","Crayon 301",0
"729","B.J. McLeod","New Hampshire Motor Speedway","Crayon 301",6
"730","Noah Gragson","New Hampshire Motor Speedway","Crayon 301",5
"731","Corey LaJoie","New Hampshire Motor Speedway","Crayon 301",4
"732","Aric Almirola","New Hampshire Motor Speedway","Crayon 301",10
"733","Cole Custer","New Hampshire Motor Speedway","Crayon 301",0
"734","Kyle Busch","New Hampshire Motor Speedway","Crayon 301",1
"735","Denny Hamlin","Pocono Raceway","HighPoint.com 400",55
"736","Tyler Reddick","Pocono Raceway","HighPoint.com 400",47
"737","Martin Truex Jr.","Pocono Raceway","HighPoint.com 400",44
"738","Kevin Harvick","Pocono Raceway","HighPoint.com 400",33
"739","Ty Gibbs","Pocono Raceway","HighPoint.com 400",36
"740","Christopher Bell","Pocono Raceway","HighPoint.com 400",31
"741","Ricky Stenhouse Jr.","Pocono Raceway","HighPoint.com 400",30
"742","Harrison Burton","Pocono Raceway","HighPoint.com 400",29
"743","Erik Jones","Pocono Raceway","HighPoint.com 400",29
"744","Chase Elliott","Pocono Raceway","HighPoint.com 400",27
"745","Bubba Wallace","Pocono Raceway","HighPoint.com 400",32
"746","Aric Almirola","Pocono Raceway","HighPoint.com 400",25
"747","Ross Chastain","Pocono Raceway","HighPoint.com 400",24
"748","William Byron","Pocono Raceway","HighPoint.com 400",31
"749","Todd Gilliland","Pocono Raceway","HighPoint.com 400",22
"750","Brad Keselowski","Pocono Raceway","HighPoint.com 400",21
"751","A.J. Allmendinger","Pocono Raceway","HighPoint.com 400",26
"752","Chris Buescher","Pocono Raceway","HighPoint.com 400",21
"753","Michael McDowell","Pocono Raceway","HighPoint.com 400",23
"754","Kyle Larson","Pocono Raceway","HighPoint.com 400",27
"755","Kyle Busch","Pocono Raceway","HighPoint.com 400",16
"756","Noah Gragson","Pocono Raceway","HighPoint.com 400",15
"757","Austin Cindric","Pocono Raceway","HighPoint.com 400",14
"758","Alex Bowman","Pocono Raceway","HighPoint.com 400",19
"759","Cole Custer","Pocono Raceway","HighPoint.com 400",0
"760","J.J. Yeley","Pocono Raceway","HighPoint.com 400",0
"761","Corey LaJoie","Pocono Raceway","HighPoint.com 400",10
"762","Ty Dillon","Pocono Raceway","HighPoint.com 400",18
"763","Chase Briscoe","Pocono Raceway","HighPoint.com 400",8
"764","Ryan Blaney","Pocono Raceway","HighPoint.com 400",10
"765","Ryan Preece","Pocono Raceway","HighPoint.com 400",6
"766","B.J. McLeod","Pocono Raceway","HighPoint.com 400",5
"767","Justin Haley","Pocono Raceway","HighPoint.com 400",7
"768","Austin Dillon","Pocono Raceway","HighPoint.com 400",3
"769","Joey Logano","Pocono Raceway","HighPoint.com 400",12
"770","Daniel Suarez","Pocono Raceway","HighPoint.com 400",1
"771","Chris Buescher","Richmond Raceway","Cook Out 400",49
"772","Denny Hamlin","Richmond Raceway","Cook Out 400",49
"773","Kyle Busch","Richmond Raceway","Cook Out 400",39
"774","Joey Logano","Richmond Raceway","Cook Out 400",34
"775","Ryan Preece","Richmond Raceway","Cook Out 400",41
"776","Brad Keselowski","Richmond Raceway","Cook Out 400",43
"777","Martin Truex Jr.","Richmond Raceway","Cook Out 400",33
"778","Aric Almirola","Richmond Raceway","Cook Out 400",32
"779","Austin Dillon","Richmond Raceway","Cook Out 400",28
"780","Kevin Harvick","Richmond Raceway","Cook Out 400",33
"781","Chase Briscoe","Richmond Raceway","Cook Out 400",26
"782","Bubba Wallace","Richmond Raceway","Cook Out 400",41
"783","Chase Elliott","Richmond Raceway","Cook Out 400",31
"784","Ryan Blaney","Richmond Raceway","Cook Out 400",23
"785","Ty Gibbs","Richmond Raceway","Cook Out 400",25
"786","Tyler Reddick","Richmond Raceway","Cook Out 400",39
"787","Ricky Stenhouse Jr.","Richmond Raceway","Cook Out 400",20
"788","Alex Bowman","Richmond Raceway","Cook Out 400",19
"789","Kyle Larson","Richmond Raceway","Cook Out 400",18
"790","Christopher Bell","Richmond Raceway","Cook Out 400",17
"791","William Byron","Richmond Raceway","Cook Out 400",20
"792","Michael McDowell","Richmond Raceway","Cook Out 400",15
"793","Erik Jones","Richmond Raceway","Cook Out 400",14
"794","Ross Chastain","Richmond Raceway","Cook Out 400",13
"795","Todd Gilliland","Richmond Raceway","Cook Out 400",12
"796","Austin Cindric","Richmond Raceway","Cook Out 400",11
"797","A.J. Allmendinger","Richmond Raceway","Cook Out 400",10
"798","Noah Gragson","Richmond Raceway","Cook Out 400",9
"799","Ryan Newman","Richmond Raceway","Cook Out 400",0
"800","Justin Haley","Richmond Raceway","Cook Out 400",7
"801","Harrison Burton","Richmond Raceway","Cook Out 400",6
"802","Corey LaJoie","Richmond Raceway","Cook Out 400",5
"803","Daniel Suarez","Richmond Raceway","Cook Out 400",4
"804","Ty Dillon","Richmond Raceway","Cook Out 400",3
"805","J.J. Yeley","Richmond Raceway","Cook Out 400",0
"806","B.J. McLeod","Richmond Raceway","Cook Out 400",1
"807","Chris Buescher","Michigan International Speedway","FireKeepers Casino 400",41
"808","Martin Truex Jr.","Michigan International Speedway","FireKeepers Casino 400",55
"809","Denny Hamlin","Michigan International Speedway","FireKeepers Casino 400",37
"810","Brad Keselowski","Michigan International Speedway","FireKeepers Casino 400",48
"811","Kyle Larson","Michigan International Speedway","FireKeepers Casino 400",43
"812","Daniel Suarez","Michigan International Speedway","FireKeepers Casino 400",45
"813","Ross Chastain","Michigan International Speedway","FireKeepers Casino 400",30
"814","Kevin Harvick","Michigan International Speedway","FireKeepers Casino 400",29
"815","Ryan Blaney","Michigan International Speedway","FireKeepers Casino 400",28
"816","Erik Jones","Michigan International Speedway","FireKeepers Casino 400",29
"817","Ty Gibbs","Michigan International Speedway","FireKeepers Casino 400",34
"818","Austin Cindric","Michigan International Speedway","FireKeepers Casino 400",27
"819","Christopher Bell","Michigan International Speedway","FireKeepers Casino 400",24
"820","Joey Logano","Michigan International Speedway","FireKeepers Casino 400",27
"821","Corey LaJoie","Michigan International Speedway","FireKeepers Casino 400",23
"822","Aric Almirola","Michigan International Speedway","FireKeepers Casino 400",21
"823","Harrison Burton","Michigan International Speedway","FireKeepers Casino 400",20
"824","Bubba Wallace","Michigan International Speedway","FireKeepers Casino 400",35
"825","Austin Dillon","Michigan International Speedway","FireKeepers Casino 400",18
"826","Ty Dillon","Michigan International Speedway","FireKeepers Casino 400",17
"827","Ricky Stenhouse Jr.","Michigan International Speedway","FireKeepers Casino 400",16
"828","Ryan Preece","Michigan International Speedway","FireKeepers Casino 400",15
"829","Justin Haley","Michigan International Speedway","FireKeepers Casino 400",14
"830","Michael McDowell","Michigan International Speedway","FireKeepers Casino 400",13
"831","Cole Custer","Michigan International Speedway","FireKeepers Casino 400",0
"832","A.J. Allmendinger","Michigan International Speedway","FireKeepers Casino 400",14
"833","J.J. Yeley","Michigan International Speedway","FireKeepers Casino 400",0
"834","Austin Hill","Michigan International Speedway","FireKeepers Casino 400",0
"835","Todd Gilliland","Michigan International Speedway","FireKeepers Casino 400",8
"836","Tyler Reddick","Michigan International Speedway","FireKeepers Casino 400",7
"837","Chase Briscoe","Michigan International Speedway","FireKeepers Casino 400",6
"838","Josh Bilicki","Michigan International Speedway","FireKeepers Casino 400",0
"839","Alex Bowman","Michigan International Speedway","FireKeepers Casino 400",14
"840","Josh Berry","Michigan International Speedway","FireKeepers Casino 400",0
"841","William Byron","Michigan International Speedway","FireKeepers Casino 400",2
"842","Chase Elliott","Michigan International Speedway","FireKeepers Casino 400",1
"843","Kyle Busch","Michigan International Speedway","FireKeepers Casino 400",1
"844","Michael McDowell","Indianapolis Motor Speedway Road Course","Verizon 200 at the Brickyard",59
"845","Chase Elliott","Indianapolis Motor Speedway Road Course","Verizon 200 at the Brickyard",49
"846","Daniel Suarez","Indianapolis Motor Speedway Road Course","Verizon 200 at the Brickyard",51
"847","Tyler Reddick","Indianapolis Motor Speedway Road Course","Verizon 200 at the Brickyard",44
"848","Alex Bowman","Indianapolis Motor Speedway Road Course","Verizon 200 at the Brickyard",38
"849","Chase Briscoe","Indianapolis Motor Speedway Road Course","Verizon 200 at the Brickyard",33
"850","Martin Truex Jr.","Indianapolis Motor Speedway Road Course","Verizon 200 at the Brickyard",31
"851","Kyle Larson","Indianapolis Motor Speedway Road Course","Verizon 200 at the Brickyard",36
"852","Christopher Bell","Indianapolis Motor Speedway Road Course","Verizon 200 at the Brickyard",32
"853","Shane van Gisbergen","Indianapolis Motor Speedway Road Course","Verizon 200 at the Brickyard",0
"854","Chris Buescher","Indianapolis Motor Speedway Road Course","Verizon 200 at the Brickyard",26
"855","Ty Gibbs","Indianapolis Motor Speedway Road Course","Verizon 200 at the Brickyard",25
"856","Ryan Blaney","Indianapolis Motor Speedway Road Course","Verizon 200 at the Brickyard",24
"857","William Byron","Indianapolis Motor Speedway Road Course","Verizon 200 at the Brickyard",23
"858","Austin Cindric","Indianapolis Motor Speedway Road Course","Verizon 200 at the Brickyard",22
"859","Austin Dillon","Indianapolis Motor Speedway Road Course","Verizon 200 at the Brickyard",21
"860","Ross Chastain","Indianapolis Motor Speedway Road Course","Verizon 200 at the Brickyard",20
"861","Bubba Wallace","Indianapolis Motor Speedway Road Course","Verizon 200 at the Brickyard",19
"862","Denny Hamlin","Indianapolis Motor Speedway Road Course","Verizon 200 at the Brickyard",28
"863","Brad Keselowski","Indianapolis Motor Speedway Road Course","Verizon 200 at the Brickyard",24
"864","Harrison Burton","Indianapolis Motor Speedway Road Course","Verizon 200 at the Brickyard",16
"865","Brodie Kostecki","Indianapolis Motor Speedway Road Course","Verizon 200 at the Brickyard",15
"866","Kevin Harvick","Indianapolis Motor Speedway Road Course","Verizon 200 at the Brickyard",14
"867","Mike Rockenfeller","Indianapolis Motor Speedway Road Course","Verizon 200 at the Brickyard",13
"868","Ricky Stenhouse Jr.","Indianapolis Motor Speedway Road Course","Verizon 200 at the Brickyard",12
"869","A.J. Allmendinger","Indianapolis Motor Speedway Road Course","Verizon 200 at the Brickyard",11
"870","Ty Dillon","Indianapolis Motor Speedway Road Course","Verizon 200 at the Brickyard",10
"871","Jenson Button","Indianapolis Motor Speedway Road Course","Verizon 200 at the Brickyard",9
"872","Corey LaJoie","Indianapolis Motor Speedway Road Course","Verizon 200 at the Brickyard",8
"873","Andy Lally","Indianapolis Motor Speedway Road Course","Verizon 200 at the Brickyard",7
"874","Ryan Preece","Indianapolis Motor Speedway Road Course","Verizon 200 at the Brickyard",6
"875","Josh Bilicki","Indianapolis Motor Speedway Road Course","Verizon 200 at the Brickyard",0
"876","Kamui Kobayashi","Indianapolis Motor Speedway Road Course","Verizon 200 at the Brickyard",0
"877","Joey Logano","Indianapolis Motor Speedway Road Course","Verizon 200 at the Brickyard",3
"878","Erik Jones","Indianapolis Motor Speedway Road Course","Verizon 200 at the Brickyard",2
"879","Kyle Busch","Indianapolis Motor Speedway Road Course","Verizon 200 at the Brickyard",11
"880","Todd Gilliland","Indianapolis Motor Speedway Road Course","Verizon 200 at the Brickyard",1
"881","Justin Haley","Indianapolis Motor Speedway Road Course","Verizon 200 at the Brickyard",1
"882","Aric Almirola","Indianapolis Motor Speedway Road Course","Verizon 200 at the Brickyard",1
"883","William Byron","Watkins Glen International","Go Bowling at The Glen",59
"884","Denny Hamlin","Watkins Glen International","Go Bowling at The Glen",52
"885","Christopher Bell","Watkins Glen International","Go Bowling at The Glen",43
"886","A.J. Allmendinger","Watkins Glen International","Go Bowling at The Glen",45
"887","Ty Gibbs","Watkins Glen International","Go Bowling at The Glen",47
"888","Martin Truex Jr.","Watkins Glen International","Go Bowling at The Glen",31
"889","Chris Buescher","Watkins Glen International","Go Bowling at The Glen",30
"890","Tyler Reddick","Watkins Glen International","Go Bowling at The Glen",30
"891","Ryan Blaney","Watkins Glen International","Go Bowling at The Glen",28
"892","Joey Logano","Watkins Glen International","Go Bowling at The Glen",27
"893","Todd Gilliland","Watkins Glen International","Go Bowling at The Glen",26
"894","Bubba Wallace","Watkins Glen International","Go Bowling at The Glen",30
"895","Ricky Stenhouse Jr.","Watkins Glen International","Go Bowling at The Glen",24
"896","Kyle Busch","Watkins Glen International","Go Bowling at The Glen",28
"897","Brad Keselowski","Watkins Glen International","Go Bowling at The Glen",22
"898","Austin Cindric","Watkins Glen International","Go Bowling at The Glen",21
"899","Ryan Preece","Watkins Glen International","Go Bowling at The Glen",20
"900","Ross Chastain","Watkins Glen International","Go Bowling at The Glen",19
"901","Mike Rockenfeller","Watkins Glen International","Go Bowling at The Glen",18
"902","Corey LaJoie","Watkins Glen International","Go Bowling at The Glen",17
"903","Kevin Harvick","Watkins Glen International","Go Bowling at The Glen",16
"904","Daniel Suarez","Watkins Glen International","Go Bowling at The Glen",15
"905","Alex Bowman","Watkins Glen International","Go Bowling at The Glen",14
"906","Justin Haley","Watkins Glen International","Go Bowling at The Glen",13
"907","Andy Lally","Watkins Glen International","Go Bowling at The Glen",12
"908","Kyle Larson","Watkins Glen International","Go Bowling at The Glen",23
"909","Josh Bilicki","Watkins Glen International","Go Bowling at The Glen",0
"910","Cole Custer","Watkins Glen International","Go Bowling at The Glen",0
"911","Erik Jones","Watkins Glen International","Go Bowling at The Glen",8
"912","Aric Almirola","Watkins Glen International","Go Bowling at The Glen",7
"913","Austin Dillon","Watkins Glen International","Go Bowling at The Glen",7
"914","Chase Elliott","Watkins Glen International","Go Bowling at The Glen",9
"915","Harrison Burton","Watkins Glen International","Go Bowling at The Glen",4
"916","Ty Dillon","Watkins Glen International","Go Bowling at The Glen",3
"917","Chase Briscoe","Watkins Glen International","Go Bowling at The Glen",2
"918","Michael McDowell","Watkins Glen International","Go Bowling at The Glen",11
"919","Chris Buescher","Daytona International Speedway","Coke Zero Sugar 400",40
"920","Brad Keselowski","Daytona International Speedway","Coke Zero Sugar 400",45
"921","Aric Almirola","Daytona International Speedway","Coke Zero Sugar 400",34
"922","Chase Elliott","Daytona International Speedway","Coke Zero Sugar 400",37
"923","Joey Logano","Daytona International Speedway","Coke Zero Sugar 400",39
"924","Alex Bowman","Daytona International Speedway","Coke Zero Sugar 400",38
"925","Kyle Busch","Daytona International Speedway","Coke Zero Sugar 400",39
"926","William Byron","Daytona International Speedway","Coke Zero Sugar 400",35
"927","Kevin Harvick","Daytona International Speedway","Coke Zero Sugar 400",36
"928","Corey LaJoie","Daytona International Speedway","Coke Zero Sugar 400",27
"929","Ty Dillon","Daytona International Speedway","Coke Zero Sugar 400",26
"930","Bubba Wallace","Daytona International Speedway","Coke Zero Sugar 400",30
"931","Michael McDowell","Daytona International Speedway","Coke Zero Sugar 400",24
"932","Austin Hill","Daytona International Speedway","Coke Zero Sugar 400",0
"933","Chandler Smith","Daytona International Speedway","Coke Zero Sugar 400",0
"934","Christopher Bell","Daytona International Speedway","Coke Zero Sugar 400",30
"935","Ross Chastain","Daytona International Speedway","Coke Zero Sugar 400",22
"936","Erik Jones","Daytona International Speedway","Coke Zero Sugar 400",19
"937","J.J. Yeley","Daytona International Speedway","Coke Zero Sugar 400",0
"938","Daniel Suarez","Daytona International Speedway","Coke Zero Sugar 400",26
"939","Justin Haley","Daytona International Speedway","Coke Zero Sugar 400",16
"940","Josh Berry","Daytona International Speedway","Coke Zero Sugar 400",0
"941","B.J. McLeod","Daytona International Speedway","Coke Zero Sugar 400",14
"942","Martin Truex Jr.","Daytona International Speedway","Coke Zero Sugar 400",23
"943","Tyler Reddick","Daytona International Speedway","Coke Zero Sugar 400",17
"944","Denny Hamlin","Daytona International Speedway","Coke Zero Sugar 400",14
"945","Kyle Larson","Daytona International Speedway","Coke Zero Sugar 400",10
"946","Harrison Burton","Daytona International Speedway","Coke Zero Sugar 400",9
"947","A.J. Allmendinger","Daytona International Speedway","Coke Zero Sugar 400",8
"948","Chase Briscoe","Daytona International Speedway","Coke Zero Sugar 400",9
"949","Ryan Preece","Daytona International Speedway","Coke Zero Sugar 400",6
"950","Todd Gilliland","Daytona International Speedway","Coke Zero Sugar 400",5
"951","Austin Dillon","Daytona International Speedway","Coke Zero Sugar 400",7
"952","Ricky Stenhouse Jr.","Daytona International Speedway","Coke Zero Sugar 400",3
"953","Ty Gibbs","Daytona International Speedway","Coke Zero Sugar 400",9
"954","Ryan Blaney","Daytona International Speedway","Coke Zero Sugar 400",1
"955","Austin Cindric","Daytona International Speedway","Coke Zero Sugar 400",5
"956","Riley Herbst","Daytona International Speedway","Coke Zero Sugar 400",0
"957","Brennan Poole","Daytona International Speedway","Coke Zero Sugar 400",0
"958","Kyle Larson","Darlington Raceway","Cook Out Southern 500",57
"959","Tyler Reddick","Darlington Raceway","Cook Out Southern 500",51
"960","Chris Buescher","Darlington Raceway","Cook Out Southern 500",36
"961","William Byron","Darlington Raceway","Cook Out Southern 500",39
"962","Ross Chastain","Darlington Raceway","Cook Out Southern 500",32
"963","Brad Keselowski","Darlington Raceway","Cook Out Southern 500",38
"964","Bubba Wallace","Darlington Raceway","Cook Out Southern 500",30
"965","Chase Elliott","Darlington Raceway","Cook Out Southern 500",33
"966","Ryan Blaney","Darlington Raceway","Cook Out Southern 500",38
"967","Erik Jones","Darlington Raceway","Cook Out Southern 500",35
"968","Kyle Busch","Darlington Raceway","Cook Out Southern 500",31
"969","Joey Logano","Darlington Raceway","Cook Out Southern 500",25
"970","A.J. Allmendinger","Darlington Raceway","Cook Out Southern 500",24
"971","Aric Almirola","Darlington Raceway","Cook Out Southern 500",24
"972","Chase Briscoe","Darlington Raceway","Cook Out Southern 500",22
"973","Ricky Stenhouse Jr.","Darlington Raceway","Cook Out Southern 500",22
"974","Carson Hocevar","Darlington Raceway","Cook Out Southern 500",0
"975","Martin Truex Jr.","Darlington Raceway","Cook Out Southern 500",19
"976","Kevin Harvick","Darlington Raceway","Cook Out Southern 500",25
"977","Austin Dillon","Darlington Raceway","Cook Out Southern 500",20
"978","Ty Gibbs","Darlington Raceway","Cook Out Southern 500",16
"979","Corey LaJoie","Darlington Raceway","Cook Out Southern 500",15
"980","Christopher Bell","Darlington Raceway","Cook Out Southern 500",17
"981","Justin Haley","Darlington Raceway","Cook Out Southern 500",13
"982","Denny Hamlin","Darlington Raceway","Cook Out Southern 500",32
"983","Todd Gilliland","Darlington Raceway","Cook Out Southern 500",11
"984","Ryan Newman","Darlington Raceway","Cook Out Southern 500",0
"985","Ryan Preece","Darlington Raceway","Cook Out Southern 500",9
"986","Ty Dillon","Darlington Raceway","Cook Out Southern 500",8
"987","J.J. Yeley","Darlington Raceway","Cook Out Southern 500",0
"988","Austin Cindric","Darlington Raceway","Cook Out Southern 500",6
"989","Michael McDowell","Darlington Raceway","Cook Out Southern 500",5
"990","Alex Bowman","Darlington Raceway","Cook Out Southern 500",4
"991","Daniel Suarez","Darlington Raceway","Cook Out Southern 500",3
"992","Harrison Burton","Darlington Raceway","Cook Out Southern 500",2
"993","B.J. McLeod","Darlington Raceway","Cook Out Southern 500",1
"994","Tyler Reddick","Kansas Speedway","Hollywood Casino 400",51
"995","Denny Hamlin","Kansas Speedway","Hollywood Casino 400",48
"996","Erik Jones","Kansas Speedway","Hollywood Casino 400",39
"997","Kyle Larson","Kansas Speedway","Hollywood Casino 400",43
"998","Joey Logano","Kansas Speedway","Hollywood Casino 400",35
"999","Chase Elliott","Kansas Speedway","Hollywood Casino 400",41
"1000","Kyle Busch","Kansas Speedway","Hollywood Casino 400",30
"1001","Christopher Bell","Kansas Speedway","Hollywood Casino 400",38
"1002","Brad Keselowski","Kansas Speedway","Hollywood Casino 400",41
"1003","Alex Bowman","Kansas Speedway","Hollywood Casino 400",27
"1004","Kevin Harvick","Kansas Speedway","Hollywood Casino 400",34
"1005","Ryan Blaney","Kansas Speedway","Hollywood Casino 400",35
"1006","Ross Chastain","Kansas Speedway","Hollywood Casino 400",31
"1007","Ty Gibbs","Kansas Speedway","Hollywood Casino 400",23
"1008","William Byron","Kansas Speedway","Hollywood Casino 400",22
"1009","Daniel Suarez","Kansas Speedway","Hollywood Casino 400",21
"1010","Aric Almirola","Kansas Speedway","Hollywood Casino 400",20
"1011","Ryan Preece","Kansas Speedway","Hollywood Casino 400",19
"1012","Chase Briscoe","Kansas Speedway","Hollywood Casino 400",18
"1013","Carson Hocevar","Kansas Speedway","Hollywood Casino 400",0
"1014","Justin Haley","Kansas Speedway","Hollywood Casino 400",16
"1015","Corey LaJoie","Kansas Speedway","Hollywood Casino 400",15
"1016","Ricky Stenhouse Jr.","Kansas Speedway","Hollywood Casino 400",14
"1017","Cole Custer","Kansas Speedway","Hollywood Casino 400",0
"1018","Todd Gilliland","Kansas Speedway","Hollywood Casino 400",12
"1019","Michael McDowell","Kansas Speedway","Hollywood Casino 400",11
"1020","Chris Buescher","Kansas Speedway","Hollywood Casino 400",12
"1021","Ty Dillon","Kansas Speedway","Hollywood Casino 400",9
"1022","Sheldon Creed","Kansas Speedway","Hollywood Casino 400",0
"1023","A.J. Allmendinger","Kansas Speedway","Hollywood Casino 400",7
"1024","Austin Cindric","Kansas Speedway","Hollywood Casino 400",6
"1025","Bubba Wallace","Kansas Speedway","Hollywood Casino 400",14
"1026","Austin Dillon","Kansas Speedway","Hollywood Casino 400",4
"1027","J.J. Yeley","Kansas Speedway","Hollywood Casino 400",0
"1028","Harrison Burton","Kansas Speedway","Hollywood Casino 400",2
"1029","Martin Truex Jr.","Kansas Speedway","Hollywood Casino 400",1
"1030","Denny Hamlin","Bristol Motor Speedway","Bass Pro Shops Night Race",47
"1031","Kyle Larson","Bristol Motor Speedway","Bass Pro Shops Night Race",46
"1032","Christopher Bell","Bristol Motor Speedway","Bass Pro Shops Night Race",54
"1033","Chris Buescher","Bristol Motor Speedway","Bass Pro Shops Night Race",37
"1034","Ty Gibbs","Bristol Motor Speedway","Bass Pro Shops Night Race",42
"1035","Michael McDowell","Bristol Motor Speedway","Bass Pro Shops Night Race",36
"1036","Chase Elliott","Bristol Motor Speedway","Bass Pro Shops Night Race",31
"1037","Brad Keselowski","Bristol Motor Speedway","Bass Pro Shops Night Race",33
"1038","William Byron","Bristol Motor Speedway","Bass Pro Shops Night Race",38
"1039","Ricky Stenhouse Jr.","Bristol Motor Speedway","Bass Pro Shops Night Race",27
"1040","Carson Hocevar","Bristol Motor Speedway","Bass Pro Shops Night Race",0
"1041","Ryan Preece","Bristol Motor Speedway","Bass Pro Shops Night Race",27
"1042","Alex Bowman","Bristol Motor Speedway","Bass Pro Shops Night Race",24
"1043","Bubba Wallace","Bristol Motor Speedway","Bass Pro Shops Night Race",31
"1044","Tyler Reddick","Bristol Motor Speedway","Bass Pro Shops Night Race",28
"1045","Todd Gilliland","Bristol Motor Speedway","Bass Pro Shops Night Race",21
"1046","Austin Dillon","Bristol Motor Speedway","Bass Pro Shops Night Race",20
"1047","Aric Almirola","Bristol Motor Speedway","Bass Pro Shops Night Race",19
"1048","Martin Truex Jr.","Bristol Motor Speedway","Bass Pro Shops Night Race",20
"1049","Kyle Busch","Bristol Motor Speedway","Bass Pro Shops Night Race",17
"1050","Daniel Suarez","Bristol Motor Speedway","Bass Pro Shops Night Race",16
"1051","Ryan Blaney","Bristol Motor Speedway","Bass Pro Shops Night Race",15
"1052","Ross Chastain","Bristol Motor Speedway","Bass Pro Shops Night Race",19
"1053","Erik Jones","Bristol Motor Speedway","Bass Pro Shops Night Race",13
"1054","Corey LaJoie","Bristol Motor Speedway","Bass Pro Shops Night Race",21
"1055","J.J. Yeley","Bristol Motor Speedway","Bass Pro Shops Night Race",0
"1056","Chase Briscoe","Bristol Motor Speedway","Bass Pro Shops Night Race",10
"1057","Harrison Burton","Bristol Motor Speedway","Bass Pro Shops Night Race",9
"1058","Kevin Harvick","Bristol Motor Speedway","Bass Pro Shops Night Race",8
"1059","A.J. Allmendinger","Bristol Motor Speedway","Bass Pro Shops Night Race",7
"1060","B.J. McLeod","Bristol Motor Speedway","Bass Pro Shops Night Race",0
"1061","Austin Cindric","Bristol Motor Speedway","Bass Pro Shops Night Race",5
"1062","Ty Dillon","Bristol Motor Speedway","Bass Pro Shops Night Race",4
"1063","Joey Logano","Bristol Motor Speedway","Bass Pro Shops Night Race",3
"1064","Justin Haley","Bristol Motor Speedway","Bass Pro Shops Night Race",2
"1065","Ryan Newman","Bristol Motor Speedway","Bass Pro Shops Night Race",0
"1066","William Byron","Texas Motor Speedway","AutoTrader EchoPark Automotive 400",47
"1067","Ross Chastain","Texas Motor Speedway","AutoTrader EchoPark Automotive 400",38
"1068","Bubba Wallace","Texas Motor Speedway","AutoTrader EchoPark Automotive 400",37
"1069","Christopher Bell","Texas Motor Speedway","AutoTrader EchoPark Automotive 400",41
"1070","Denny Hamlin","Texas Motor Speedway","AutoTrader EchoPark Automotive 400",42
"1071","Kevin Harvick","Texas Motor Speedway","AutoTrader EchoPark Automotive 400",31
"1072","Brad Keselowski","Texas Motor Speedway","AutoTrader EchoPark Automotive 400",34
"1073","Daniel Suarez","Texas Motor Speedway","AutoTrader EchoPark Automotive 400",30
"1074","Ricky Stenhouse Jr.","Texas Motor Speedway","AutoTrader EchoPark Automotive 400",28
"1075","Chase Briscoe","Texas Motor Speedway","AutoTrader EchoPark Automotive 400",30
"1076","Chase Elliott","Texas Motor Speedway","AutoTrader EchoPark Automotive 400",36
"1077","Alex Bowman","Texas Motor Speedway","AutoTrader EchoPark Automotive 400",25
"1078","Justin Haley","Texas Motor Speedway","AutoTrader EchoPark Automotive 400",24
"1079","Chris Buescher","Texas Motor Speedway","AutoTrader EchoPark Automotive 400",38
"1080","Michael McDowell","Texas Motor Speedway","AutoTrader EchoPark Automotive 400",28
"1081","Carson Hocevar","Texas Motor Speedway","AutoTrader EchoPark Automotive 400",0
"1082","Martin Truex Jr.","Texas Motor Speedway","AutoTrader EchoPark Automotive 400",20
"1083","Aric Almirola","Texas Motor Speedway","AutoTrader EchoPark Automotive 400",19
"1084","Ty Dillon","Texas Motor Speedway","AutoTrader EchoPark Automotive 400",18
"1085","Harrison Burton","Texas Motor Speedway","AutoTrader EchoPark Automotive 400",17
"1086","Joey Logano","Texas Motor Speedway","AutoTrader EchoPark Automotive 400",16
"1087","B.J. McLeod","Texas Motor Speedway","AutoTrader EchoPark Automotive 400",0
"1088","Ryan Preece","Texas Motor Speedway","AutoTrader EchoPark Automotive 400",14
"1089","Zane Smith","Texas Motor Speedway","AutoTrader EchoPark Automotive 400",0
"1090","Tyler Reddick","Texas Motor Speedway","AutoTrader EchoPark Automotive 400",22
"1091","Corey LaJoie","Texas Motor Speedway","AutoTrader EchoPark Automotive 400",11
"1092","Austin Cindric","Texas Motor Speedway","AutoTrader EchoPark Automotive 400",10
"1093","Ryan Blaney","Texas Motor Speedway","AutoTrader EchoPark Automotive 400",20
"1094","A.J. Allmendinger","Texas Motor Speedway","AutoTrader EchoPark Automotive 400",8
"1095","Erik Jones","Texas Motor Speedway","AutoTrader EchoPark Automotive 400",16
"1096","Kyle Larson","Texas Motor Speedway","AutoTrader EchoPark Automotive 400",16
"1097","J.J. Yeley","Texas Motor Speedway","AutoTrader EchoPark Automotive 400",0
"1098","Ty Gibbs","Texas Motor Speedway","AutoTrader EchoPark Automotive 400",4
"1099","Kyle Busch","Texas Motor Speedway","AutoTrader EchoPark Automotive 400",3
"1100","Todd Gilliland","Texas Motor Speedway","AutoTrader EchoPark Automotive 400",2
"1101","Austin Dillon","Texas Motor Speedway","AutoTrader EchoPark Automotive 400",1
"1102","Ryan Blaney","Talladega Superspeedway","YellaWood 500",50
"1103","William Byron","Talladega Superspeedway","YellaWood 500",53
"1104","Denny Hamlin","Talladega Superspeedway","YellaWood 500",34
"1105","Corey LaJoie","Talladega Superspeedway","YellaWood 500",34
"1106","Austin Cindric","Talladega Superspeedway","YellaWood 500",37
"1107","Justin Haley","Talladega Superspeedway","YellaWood 500",35
"1108","Chase Elliott","Talladega Superspeedway","YellaWood 500",43
"1109","Ryan Preece","Talladega Superspeedway","YellaWood 500",31
"1110","Riley Herbst","Talladega Superspeedway","YellaWood 500",0
"1111","Daniel Suarez","Talladega Superspeedway","YellaWood 500",32
"1112","Chandler Smith","Talladega Superspeedway","YellaWood 500",0
"1113","Todd Gilliland","Talladega Superspeedway","YellaWood 500",25
"1114","Chase Briscoe","Talladega Superspeedway","YellaWood 500",27
"1115","Christopher Bell","Talladega Superspeedway","YellaWood 500",23
"1116","Kyle Larson","Talladega Superspeedway","YellaWood 500",34
"1117","Tyler Reddick","Talladega Superspeedway","YellaWood 500",22
"1118","Aric Almirola","Talladega Superspeedway","YellaWood 500",20
"1119","Martin Truex Jr.","Talladega Superspeedway","YellaWood 500",19
"1120","Chris Buescher","Talladega Superspeedway","YellaWood 500",18
"1121","A.J. Allmendinger","Talladega Superspeedway","YellaWood 500",17
"1122","Michael McDowell","Talladega Superspeedway","YellaWood 500",16
"1123","Ricky Stenhouse Jr.","Talladega Superspeedway","YellaWood 500",15
"1124","Bubba Wallace","Talladega Superspeedway","YellaWood 500",14
"1125","Joey Logano","Talladega Superspeedway","YellaWood 500",24
"1126","Kyle Busch","Talladega Superspeedway","YellaWood 500",12
"1127","Erik Jones","Talladega Superspeedway","YellaWood 500",11
"1128","Ty Dillon","Talladega Superspeedway","YellaWood 500",12
"1129","Alex Bowman","Talladega Superspeedway","YellaWood 500",15
"1130","B.J. McLeod","Talladega Superspeedway","YellaWood 500",0
"1131","Brennan Poole","Talladega Superspeedway","YellaWood 500",0
"1132","Harrison Burton","Talladega Superspeedway","YellaWood 500",6
"1133","Brad Keselowski","Talladega Superspeedway","YellaWood 500",15
"1134","Austin Dillon","Talladega Superspeedway","YellaWood 500",11
"1135","Ty Gibbs","Talladega Superspeedway","YellaWood 500",3
"1136","Carson Hocevar","Talladega Superspeedway","YellaWood 500",0
"1137","J.J. Yeley","Talladega Superspeedway","YellaWood 500",0
"1138","Ross Chastain","Talladega Superspeedway","YellaWood 500",1
"1139","Kevin Harvick","Talladega Superspeedway","YellaWood 500",1
"1140","A.J. Allmendinger","Charlotte Motor Speedway Road Course","Bank of America ROVAL 400",41
"1141","William Byron","Charlotte Motor Speedway Road Course","Bank of America ROVAL 400",35
"1142","Kyle Busch","Charlotte Motor Speedway Road Course","Bank of America ROVAL 400",38
"1143","Ty Gibbs","Charlotte Motor Speedway Road Course","Bank of America ROVAL 400",35
"1144","Joey Logano","Charlotte Motor Speedway Road Course","Bank of America ROVAL 400",32
"1145","Tyler Reddick","Charlotte Motor Speedway Road Course","Bank of America ROVAL 400",48
"1146","Chris Buescher","Charlotte Motor Speedway Road Course","Bank of America ROVAL 400",30
"1147","Alex Bowman","Charlotte Motor Speedway Road Course","Bank of America ROVAL 400",29
"1148","Chase Elliott","Charlotte Motor Speedway Road Course","Bank of America ROVAL 400",42
"1149","Ross Chastain","Charlotte Motor Speedway Road Course","Bank of America ROVAL 400",40
"1150","Ryan Preece","Charlotte Motor Speedway Road Course","Bank of America ROVAL 400",26
"1151","Ryan Blaney","Charlotte Motor Speedway Road Course","Bank of America ROVAL 400",25
"1152","Kyle Larson","Charlotte Motor Speedway Road Course","Bank of America ROVAL 400",30
"1153","Austin Dillon","Charlotte Motor Speedway Road Course","Bank of America ROVAL 400",23
"1154","Christopher Bell","Charlotte Motor Speedway Road Course","Bank of America ROVAL 400",37
"1155","Bubba Wallace","Charlotte Motor Speedway Road Course","Bank of America ROVAL 400",34
"1156","Corey LaJoie","Charlotte Motor Speedway Road Course","Bank of America ROVAL 400",20
"1157","Brad Keselowski","Charlotte Motor Speedway Road Course","Bank of America ROVAL 400",19
"1158","Kevin Harvick","Charlotte Motor Speedway Road Course","Bank of America ROVAL 400",18
"1159","Martin Truex Jr.","Charlotte Motor Speedway Road Course","Bank of America ROVAL 400",27
"1160","Aric Almirola","Charlotte Motor Speedway Road Course","Bank of America ROVAL 400",16
"1161","Justin Haley","Charlotte Motor Speedway Road Course","Bank of America ROVAL 400",15
"1162","Todd Gilliland","Charlotte Motor Speedway Road Course","Bank of America ROVAL 400",14
"1163","Harrison Burton","Charlotte Motor Speedway Road Course","Bank of America ROVAL 400",13
"1164","Austin Cindric","Charlotte Motor Speedway Road Course","Bank of America ROVAL 400",12
"1165","Josh Bilicki","Charlotte Motor Speedway Road Course","Bank of America ROVAL 400",0
"1166","Austin Hill","Charlotte Motor Speedway Road Course","Bank of America ROVAL 400",0
"1167","Chase Briscoe","Charlotte Motor Speedway Road Course","Bank of America ROVAL 400",9
"1168","Mike Rockenfeller","Charlotte Motor Speedway Road Course","Bank of America ROVAL 400",8
"1169","Zane Smith","Charlotte Motor Speedway Road Course","Bank of America ROVAL 400",0
"1170","Ty Dillon","Charlotte Motor Speedway Road Course","Bank of America ROVAL 400",6
"1171","Michael McDowell","Charlotte Motor Speedway Road Course","Bank of America ROVAL 400",7
"1172","Daniel Suarez","Charlotte Motor Speedway Road Course","Bank of America ROVAL 400",9
"1173","Ricky Stenhouse Jr.","Charlotte Motor Speedway Road Course","Bank of America ROVAL 400",3
"1174","Andy Lally","Charlotte Motor Speedway Road Course","Bank of America ROVAL 400",0
"1175","Erik Jones","Charlotte Motor Speedway Road Course","Bank of America ROVAL 400",1
"1176","Denny Hamlin","Charlotte Motor Speedway Road Course","Bank of America ROVAL 400",9
"1177","Kyle Larson","Las Vegas Motor Speedway","South Point 400",60
"1178","Christopher Bell","Las Vegas Motor Speedway","South Point 400",52
"1179","Kyle Busch","Las Vegas Motor Speedway","South Point 400",41
"1180","Brad Keselowski","Las Vegas Motor Speedway","South Point 400",47
"1181","Ross Chastain","Las Vegas Motor Speedway","South Point 400",41
"1182","Ryan Blaney","Las Vegas Motor Speedway","South Point 400",39
"1183","William Byron","Las Vegas Motor Speedway","South Point 400",36
"1184","Tyler Reddick","Las Vegas Motor Speedway","South Point 400",38
"1185","Martin Truex Jr.","Las Vegas Motor Speedway","South Point 400",34
"1186","Denny Hamlin","Las Vegas Motor Speedway","South Point 400",38
"1187","Chris Buescher","Las Vegas Motor Speedway","South Point 400",26
"1188","Joey Logano","Las Vegas Motor Speedway","South Point 400",25
"1189","Bubba Wallace","Las Vegas Motor Speedway","South Point 400",25
"1190","Aric Almirola","Las Vegas Motor Speedway","South Point 400",23
"1191","Daniel Suarez","Las Vegas Motor Speedway","South Point 400",22
"1192","Kevin Harvick","Las Vegas Motor Speedway","South Point 400",23
"1193","Michael McDowell","Las Vegas Motor Speedway","South Point 400",20
"1194","Austin Dillon","Las Vegas Motor Speedway","South Point 400",19
"1195","Corey LaJoie","Las Vegas Motor Speedway","South Point 400",18
"1196","Harrison Burton","Las Vegas Motor Speedway","South Point 400",17
"1197","A.J. Allmendinger","Las Vegas Motor Speedway","South Point 400",16
"1198","Justin Haley","Las Vegas Motor Speedway","South Point 400",15
"1199","Austin Cindric","Las Vegas Motor Speedway","South Point 400",14
"1200","Ty Dillon","Las Vegas Motor Speedway","South Point 400",13
"1201","Ricky Stenhouse Jr.","Las Vegas Motor Speedway","South Point 400",12
"1202","Ryan Preece","Las Vegas Motor Speedway","South Point 400",11
"1203","Todd Gilliland","Las Vegas Motor Speedway","South Point 400",10
"1204","Erik Jones","Las Vegas Motor Speedway","South Point 400",9
"1205","J.J. Yeley","Las Vegas Motor Speedway","South Point 400",0
"1206","Brennan Poole","Las Vegas Motor Speedway","South Point 400",0
"1207","B.J. McLeod","Las Vegas Motor Speedway","South Point 400",0
"1208","Chase Elliott","Las Vegas Motor Speedway","South Point 400",5
"1209","Chase Briscoe","Las Vegas Motor Speedway","South Point 400",4
"1210","Ty Gibbs","Las Vegas Motor Speedway","South Point 400",3
"1211","Alex Bowman","Las Vegas Motor Speedway","South Point 400",2
"1212","Carson Hocevar","Las Vegas Motor Speedway","South Point 400",0
"1213","Christopher Bell","Homestead-Miami Speedway","4EVER 400 Presented by Mobil 1",42
"1214","Ryan Blaney","Homestead-Miami Speedway","4EVER 400 Presented by Mobil 1",53
"1215","Tyler Reddick","Homestead-Miami Speedway","4EVER 400 Presented by Mobil 1",42
"1216","William Byron","Homestead-Miami Speedway","4EVER 400 Presented by Mobil 1",49
"1217","A.J. Allmendinger","Homestead-Miami Speedway","4EVER 400 Presented by Mobil 1",32
"1218","Bubba Wallace","Homestead-Miami Speedway","4EVER 400 Presented by Mobil 1",31
"1219","Ty Gibbs","Homestead-Miami Speedway","4EVER 400 Presented by Mobil 1",34
"1220","Joey Logano","Homestead-Miami Speedway","4EVER 400 Presented by Mobil 1",30
"1221","Aric Almirola","Homestead-Miami Speedway","4EVER 400 Presented by Mobil 1",28
"1222","Austin Dillon","Homestead-Miami Speedway","4EVER 400 Presented by Mobil 1",32
"1223","Kevin Harvick","Homestead-Miami Speedway","4EVER 400 Presented by Mobil 1",26
"1224","Austin Cindric","Homestead-Miami Speedway","4EVER 400 Presented by Mobil 1",25
"1225","Ryan Preece","Homestead-Miami Speedway","4EVER 400 Presented by Mobil 1",24
"1226","Erik Jones","Homestead-Miami Speedway","4EVER 400 Presented by Mobil 1",23
"1227","Chase Elliott","Homestead-Miami Speedway","4EVER 400 Presented by Mobil 1",22
"1228","Daniel Suarez","Homestead-Miami Speedway","4EVER 400 Presented by Mobil 1",21
"1229","Chase Briscoe","Homestead-Miami Speedway","4EVER 400 Presented by Mobil 1",20
"1230","Kyle Busch","Homestead-Miami Speedway","4EVER 400 Presented by Mobil 1",19
"1231","Alex Bowman","Homestead-Miami Speedway","4EVER 400 Presented by Mobil 1",18
"1232","Corey LaJoie","Homestead-Miami Speedway","4EVER 400 Presented by Mobil 1",17
"1233","Chris Buescher","Homestead-Miami Speedway","4EVER 400 Presented by Mobil 1",16
"1234","Michael McDowell","Homestead-Miami Speedway","4EVER 400 Presented by Mobil 1",15
"1235","Justin Haley","Homestead-Miami Speedway","4EVER 400 Presented by Mobil 1",14
"1236","Ty Dillon","Homestead-Miami Speedway","4EVER 400 Presented by Mobil 1",13
"1237","Todd Gilliland","Homestead-Miami Speedway","4EVER 400 Presented by Mobil 1",12
"1238","Ryan Newman","Homestead-Miami Speedway","4EVER 400 Presented by Mobil 1",0
"1239","Ricky Stenhouse Jr.","Homestead-Miami Speedway","4EVER 400 Presented by Mobil 1",10
"1240","Brad Keselowski","Homestead-Miami Speedway","4EVER 400 Presented by Mobil 1",24
"1241","Martin Truex Jr.","Homestead-Miami Speedway","4EVER 400 Presented by Mobil 1",19
"1242","Denny Hamlin","Homestead-Miami Speedway","4EVER 400 Presented by Mobil 1",19
"1243","Ross Chastain","Homestead-Miami Speedway","4EVER 400 Presented by Mobil 1",6
"1244","John Hunter Nemechek","Homestead-Miami Speedway","4EVER 400 Presented by Mobil 1",0
"1245","J.J. Yeley","Homestead-Miami Speedway","4EVER 400 Presented by Mobil 1",0
"1246","Kyle Larson","Homestead-Miami Speedway","4EVER 400 Presented by Mobil 1",21
"1247","Josh Bilicki","Homestead-Miami Speedway","4EVER 400 Presented by Mobil 1",0
"1248","Harrison Burton","Homestead-Miami Speedway","4EVER 400 Presented by Mobil 1",1
"1249","Ryan Blaney","Martinsville Speedway","Xfinity 500",59
"1250","Aric Almirola","Martinsville Speedway","Xfinity 500",35
"1251","Denny Hamlin","Martinsville Speedway","Xfinity 500",53
"1252","Chase Briscoe","Martinsville Speedway","Xfinity 500",48
"1253","Joey Logano","Martinsville Speedway","Xfinity 500",41
"1254","Kyle Larson","Martinsville Speedway","Xfinity 500",31
"1255","Christopher Bell","Martinsville Speedway","Xfinity 500",36
"1256","Chris Buescher","Martinsville Speedway","Xfinity 500",29
"1257","Austin Cindric","Martinsville Speedway","Xfinity 500",28
"1258","Todd Gilliland","Martinsville Speedway","Xfinity 500",30
"1259","Bubba Wallace","Martinsville Speedway","Xfinity 500",26
"1260","Martin Truex Jr.","Martinsville Speedway","Xfinity 500",33
"1261","William Byron","Martinsville Speedway","Xfinity 500",24
"1262","Ross Chastain","Martinsville Speedway","Xfinity 500",23
"1263","Harrison Burton","Martinsville Speedway","Xfinity 500",22
"1264","Kevin Harvick","Martinsville Speedway","Xfinity 500",24
"1265","Chase Elliott","Martinsville Speedway","Xfinity 500",20
"1266","Ty Gibbs","Martinsville Speedway","Xfinity 500",28
"1267","Ricky Stenhouse Jr.","Martinsville Speedway","Xfinity 500",18
"1268","Ryan Preece","Martinsville Speedway","Xfinity 500",24
"1269","Erik Jones","Martinsville Speedway","Xfinity 500",16
"1270","Corey LaJoie","Martinsville Speedway","Xfinity 500",15
"1271","Austin Dillon","Martinsville Speedway","Xfinity 500",14
"1272","Ty Dillon","Martinsville Speedway","Xfinity 500",13
"1273","Michael McDowell","Martinsville Speedway","Xfinity 500",12
"1274","Tyler Reddick","Martinsville Speedway","Xfinity 500",11
"1275","Kyle Busch","Martinsville Speedway","Xfinity 500",10
"1276","A.J. Allmendinger","Martinsville Speedway","Xfinity 500",9
"1277","Ryan Newman","Martinsville Speedway","Xfinity 500",0
"1278","Justin Haley","Martinsville Speedway","Xfinity 500",7
"1279","Carson Hocevar","Martinsville Speedway","Xfinity 500",0
"1280","Alex Bowman","Martinsville Speedway","Xfinity 500",5
"1281","Brad Keselowski","Martinsville Speedway","Xfinity 500",16
"1282","Daniel Suarez","Martinsville Speedway","Xfinity 500",3
"1283","J.J. Yeley","Martinsville Speedway","Xfinity 500",0
"1284","B.J. McLeod","Martinsville Speedway","Xfinity 500",0
"1285","Ross Chastain","Phoenix Raceway","NASCAR Cup Series Championship",57
"1286","Ryan Blaney","Phoenix Raceway","NASCAR Cup Series Championship",35
"1287","Kyle Larson","Phoenix Raceway","NASCAR Cup Series Championship",34
"1288","William Byron","Phoenix Raceway","NASCAR Cup Series Championship",33
"1289","Chris Buescher","Phoenix Raceway","NASCAR Cup Series Championship",47
"1290","Martin Truex Jr.","Phoenix Raceway","NASCAR Cup Series Championship",41
"1291","Kevin Harvick","Phoenix Raceway","NASCAR Cup Series Championship",47
"1292","Denny Hamlin","Phoenix Raceway","NASCAR Cup Series Championship",29
"1293","Michael McDowell","Phoenix Raceway","NASCAR Cup Series Championship",28
"1294","Bubba Wallace","Phoenix Raceway","NASCAR Cup Series Championship",37
"1295","Daniel Suarez","Phoenix Raceway","NASCAR Cup Series Championship",26
"1296","Austin Dillon","Phoenix Raceway","NASCAR Cup Series Championship",25
"1297","Aric Almirola","Phoenix Raceway","NASCAR Cup Series Championship",24
"1298","Ryan Preece","Phoenix Raceway","NASCAR Cup Series Championship",23
"1299","Brad Keselowski","Phoenix Raceway","NASCAR Cup Series Championship",24
"1300","Chase Elliott","Phoenix Raceway","NASCAR Cup Series Championship",21
"1301","Alex Bowman","Phoenix Raceway","NASCAR Cup Series Championship",20
"1302","Joey Logano","Phoenix Raceway","NASCAR Cup Series Championship",19
"1303","Carson Hocevar","Phoenix Raceway","NASCAR Cup Series Championship",0
"1304","Erik Jones","Phoenix Raceway","NASCAR Cup Series Championship",21
"1305","Ty Gibbs","Phoenix Raceway","NASCAR Cup Series Championship",16
"1306","Tyler Reddick","Phoenix Raceway","NASCAR Cup Series Championship",15
"1307","Ricky Stenhouse Jr.","Phoenix Raceway","NASCAR Cup Series Championship",14
"1308","Chase Briscoe","Phoenix Raceway","NASCAR Cup Series Championship",13
"1309","Kyle Busch","Phoenix Raceway","NASCAR Cup Series Championship",12
"1310","Harrison Burton","Phoenix Raceway","NASCAR Cup Series Championship",11
"1311","J.J. Yeley","Phoenix Raceway","NASCAR Cup Series Championship",0
"1312","Ty Dillon","Phoenix Raceway","NASCAR Cup Series Championship",9
"1313","Justin Haley","Phoenix Raceway","NASCAR Cup Series Championship",8
"1314","Todd Gilliland","Phoenix Raceway","NASCAR Cup Series Championship",7
"1315","Corey LaJoie","Phoenix Raceway","NASCAR Cup Series Championship",6
"1316","A.J. Allmendinger","Phoenix Raceway","NASCAR Cup Series Championship",5
"1317","B.J. McLeod","Phoenix Raceway","NASCAR Cup Series Championship",0
"1318","Ryan Newman","Phoenix Raceway","NASCAR Cup Series Championship",0
"1319","Austin Cindric","Phoenix Raceway","NASCAR Cup Series Championship",2
"1320","Christopher Bell","Phoenix Raceway","NASCAR Cup Series Championship",1
